address,c_b_no,Borough
32-53 101 STREET,403,QUEENS
2714 CRESTON AVENUE,207,BRONX
323 EAST 79 STREET,108,MANHATTAN
3633 KINGSBRIDGE AVENUE,208,BRONX
222-25 JAMAICA AVENUE,413,QUEENS
19 ST FELIX STREET,302,BROOKLYN
89-07 148 STREET,412,QUEENS
126 EAST   57 STREET,105,MANHATTAN
441 WILLOUGHBY AVENUE,303,BROOKLYN
26-25 4 STREET,401,QUEENS
2136 MATTHEWS AVENUE,211,BRONX
2230 RICHMOND TERRACE,501,STATEN ISLAND
1036 OCEAN PARKWAY,312,BROOKLYN
3450 BAINBRIDGE AVENUE,207,BRONX
356 EAST   78 STREET,108,MANHATTAN
25-21 BROADWAY,401,QUEENS
2111 RICHMOND TERRACE,501,STATEN ISLAND
1600 GRAND AVENUE,205,BRONX
2428 BRONX PARK EAST,211,BRONX
335 RALPH AVENUE,303,BROOKLYN
5-01 47 ROAD,402,QUEENS
71 GATEWAY DRIVE,305,BROOKLYN
2 WEST   47 STREET,105,MANHATTAN
31-29 CRESCENT STREET,401,QUEENS
97-48 64 AVENUE,406,QUEENS
101 FLEET PLACE,302,BROOKLYN
1485 2 AVENUE,108,MANHATTAN
675 EAST   32 STREET,317,BROOKLYN
2736 CRESTON AVENUE,207,BRONX
825 GATES AVENUE,303,BROOKLYN
14 WEST   45 STREET,105,MANHATTAN
25 STEWART AVENUE,301,BROOKLYN
1487 1 AVENUE,108,MANHATTAN
10 WEST   47 STREET,105,MANHATTAN
168 WEST  225 STREET,208,MANHATTAN
100 FLATBUSH AVENUE,302,BROOKLYN
1393 YORK AVENUE,108,MANHATTAN
1607 VILLAGE LANE,414,QUEENS
46-24 76 STREET,404,QUEENS
715 EAST  212 STREET,212,BRONX
415 MADISON AVENUE,105,MANHATTAN
16 5 AVENUE,102,MANHATTAN
89 THROOP AVENUE,301,BROOKLYN
1245 EDWARD L GRANT HIGHWAY,204,BRONX
525 6 AVENUE,102,MANHATTAN
212 SKILLMAN STREET,303,BROOKLYN
2 FOUNTAIN AVENUE,305,BROOKLYN
35 KINGSTON AVENUE,303,BROOKLYN
26-06 JACKSON AVENUE,402,QUEENS
78-29 AUSTIN STREET,406,QUEENS
57-14 B GRANGER STREET,404,QUEENS
2347 MORRIS AVENUE,205,BRONX
688 6 AVENUE,307,BROOKLYN
41 SUMMIT STREET,306,BROOKLYN
1568 AIR BROADWAY,105,MANHATTAN
81-42 UTOPIA PARKWAY,408,QUEENS
24 EAST  103 STREET,111,MANHATTAN
250 EAST TREMONT AVENUE,205,BRONX
621 ROGERS AVENUE,309,BROOKLYN
586 GERARD AVENUE,204,BRONX
123 WEST   57 STREET,105,MANHATTAN
65 DUPONT STREET,301,BROOKLYN
98-60 QUEENS BOULEVARD,406,QUEENS
8 WEST   45 STREET,105,MANHATTAN
1514 MADISON AVENUE,111,MANHATTAN
98-10 63 ROAD,406,QUEENS
2249 NOSTRAND AVENUE,314,BROOKLYN
55 SUMMIT STREET,306,BROOKLYN
12 WEST   45 STREET,105,MANHATTAN
108 SAINT EDWARDS STREET,302,BROOKLYN
100 16 STREET,307,BROOKLYN
163-13 BAISLEY BOULEVARD,412,QUEENS
1420 PELHAM PARKWAY SOUTH,211,BRONX
32-05 GREENPOINT AVENUE,402,QUEENS
35-15 146 STREET,407,QUEENS
1822 MOHEGAN AVENUE,206,BRONX
1015 EAST GUN HILL ROAD,212,BRONX
42-10 147 STREET,407,QUEENS
1615 CEDAR STREET,314,BROOKLYN
138-25 BARCLAY AVENUE,407,QUEENS
1393 YORK AVENUE,108,MANHATTAN
1345 3 AVENUE,108,MANHATTAN
1591 JESUP AVENUE,205,BRONX
33-41 97 STREET,403,QUEENS
219 FORDHAM STREET,210,BRONX
1281 HOE AVENUE,203,BRONX
2136 BEDFORD AVENUE,314,BROOKLYN
2226 3 AVENUE,111,MANHATTAN
142 HURON STREET,301,BROOKLYN
312 CONEY ISLAND AVENUE,307,BROOKLYN
231 BOWERY,103,MANHATTAN
196 16 STREET,307,BROOKLYN
383 EAST  201 STREET,207,BRONX
200 PARK AVENUE,105,MANHATTAN
123 WEST   57 STREET,105,MANHATTAN
52-35 74 STREET,405,QUEENS
1140 2 AVENUE,108,MANHATTAN
159 BOERUM STREET,301,BROOKLYN
20 MONITOR STREET,301,BROOKLYN
1827 WATERLOO PLACE,206,BRONX
2-14 54 AVENUE,402,QUEENS
489 STATE STREET,302,BROOKLYN
104-20 125 STREET,410,QUEENS
36-31 31 STREET,401,QUEENS
568 GRAND STREET,301,BROOKLYN
645 EAST    9 STREET,103,MANHATTAN
959 ANDERSON AVENUE,204,BRONX
747 ROSEDALE AVENUE,209,BRONX
1487 2 AVENUE,108,MANHATTAN
2702 CRESTON AVENUE,207,BRONX
141-57 NORTHERN BOULEVARD,407,QUEENS
1514 MADISON AVENUE,111,MANHATTAN
150-01 89 AVENUE,412,QUEENS
193 EAST  205 STREET,207,BRONX
1643 1 AVENUE,108,MANHATTAN
283 WARWICK STREET,305,BROOKLYN
1251 60 STREET,312,BROOKLYN
43-27 BYRD STREET,407,QUEENS
41-14 31 AVENUE,401,QUEENS
28-16 42 ROAD,402,QUEENS
43-21 52 STREET,402,QUEENS
130-10 LIBERTY AVENUE,410,QUEENS
202 TILLARY STREET,302,BROOKLYN
251 EAST   77 STREET,108,MANHATTAN
3184 WEBSTER AVENUE,207,BRONX
5123 BEACH CHANNEL DRIVE,414,QUEENS
37-27 12 STREET,401,QUEENS
844 BEDFORD AVENUE,303,BROOKLYN
2704 CRESTON AVENUE,207,BRONX
36-08 24 AVENUE,401,QUEENS
88-06 161 STREET,412,QUEENS
31 BRIGHTON    2 PLACE,313,BROOKLYN
143-33 95 AVENUE,412,QUEENS
760 MADISON AVENUE,108,MANHATTAN
28 MIDDLETON STREET,301,BROOKLYN
1258 SHAKESPEARE AVENUE,204,BRONX
1647 1 AVENUE,108,MANHATTAN
2710 CRESTON AVENUE,207,BRONX
908 KENT AVENUE,303,BROOKLYN
152 WEST  136 STREET,110,MANHATTAN
250 WEST   49 STREET,105,MANHATTAN
292 EAST  149 STREET,201,BRONX
1940 TURNBULL AVENUE,209,BRONX
432 THATFORD AVENUE,316,BROOKLYN
47-58 43 STREET,402,QUEENS
1366 CROMWELL AVENUE,204,BRONX
2384 ATLANTIC AVENUE,316,BROOKLYN
1001 GUN HILL ROAD,212,BRONX
1649 1 AVENUE,108,MANHATTAN
43-25 BYRD STREET,407,QUEENS
243 EAST  202 STREET,207,BRONX
2712 WILLIAMSBRIDGE ROAD,211,BRONX
405 PARK AVENUE,105,MANHATTAN
42-11 30 AVENUE,401,QUEENS
437 2 AVENUE,106,MANHATTAN
1665 JEROME AVENUE,205,BRONX
161-17 43 AVENUE,407,QUEENS
375 SMITH STREET,306,BROOKLYN
1131 EAST  211 STREET,212,BRONX
140 HILLSIDE AVENUE,112,MANHATTAN
147 STANHOPE STREET,304,BROOKLYN
140 CENTRAL AVENUE,304,BROOKLYN
4641 FURMAN AVENUE,212,BRONX
300 EAST   83 STREET,108,MANHATTAN
71 WEST  205 STREET,207,BRONX
66 WEST  119 STREET,110,MANHATTAN
1222 PUTNAM AVENUE,304,BROOKLYN
3831 CARPENTER AVENUE,212,BRONX
38 SKILLMAN AVENUE,301,BROOKLYN
817 45 STREET,312,BROOKLYN
276 BEDFORD AVENUE,301,BROOKLYN
20-22 COLLEGE POINT BOULEVARD,407,QUEENS
1894 CONEY ISLAND AVENUE,312,BROOKLYN
311 BERGEN STREET,302,BROOKLYN
181 EAST  109 STREET,111,MANHATTAN
98-87 QUEENS BOULEVARD,406,QUEENS
194 30 STREET,307,BROOKLYN
524 VERMONT STREET,305,BROOKLYN
624 AVENUE H,314,BROOKLYN
31-20 30 STREET,401,QUEENS
85 GATEWAY DRIVE,305,BROOKLYN
65 STANHOPE STREET,304,BROOKLYN
144 NOLL STREET,304,BROOKLYN
807 WASHINGTON AVENUE,308,BROOKLYN
548 UTICA AVENUE,309,BROOKLYN
77 GATEWAY DRIVE,305,BROOKLYN
143-58 38 AVENUE,407,QUEENS
2926 BRIGHTON 5 STREET,313,BROOKLYN
461 WEST 125 STREET,109,MANHATTAN
4308 4 AVENUE,307,BROOKLYN
2081 ANTHONY AVENUE,205,BRONX
1522 1 AVENUE,108,MANHATTAN
167 MALCOLM X BOULEVARD,303,BROOKLYN
106-29 GUY R BREWER BOULEVARD,412,QUEENS
87 GATEWAY DRIVE,305,BROOKLYN
2041 53 STREET,312,BROOKLYN
181 EAST 121 STREET,111,MANHATTAN
5-29 47 ROAD,402,QUEENS
85-12 57 AVENUE,404,QUEENS
137 VARICK STREET,102,MANHATTAN
132-32 41 AVENUE,407,QUEENS
6317 FORT HAMILTON PARKWAY,310,BROOKLYN
94 EAST 208 STREET,207,BRONX
108-15 72 AVENUE,406,QUEENS
1654 BUSHWICK AVENUE,305,BROOKLYN
699 EAST    6 STREET,103,MANHATTAN
1163 RIVER AVENUE,204,BRONX
76 WEST  105 STREET,107,MANHATTAN
201 25 STREET,307,BROOKLYN
686 LEXINGTON AVENUE,105,MANHATTAN
150 EAST 91 STREET,108,MANHATTAN
813 KINGS HIGHWAY,315,BROOKLYN
134-11 FRANKLIN AVENUE,NA,QUEENS
408 LEFFERTS AVENUE,309,BROOKLYN
304 EAST 50 STREET,106,MANHATTAN
1701 CLAY AVENUE,204,BRONX
423 WESTCHESTER AVENUE,201,BRONX
1532 45 STREET,312,BROOKLYN
1115 DECATUR STREET,304,BROOKLYN
252 EAST 72 STREET,108,MANHATTAN
3802 WHITE PLAINS ROAD,212,BRONX
2175 RICHMOND AVENUE,502,STATEN ISLAND
36-22 31 STREET,401,QUEENS
2384 ATLANTIC AVENUE,316,BROOKLYN
65 4 AVENUE,306,BROOKLYN
622 WEST 51 STREET,104,MANHATTAN
30-43 31 STREET,401,QUEENS
37-34 33 STREET,401,QUEENS
2061 CROTONA AVENUE,206,BRONX
773 EAST  183 STREET,NA,BRONX
110 NORTH    1 STREET,301,BROOKLYN
1520 1 AVENUE,108,MANHATTAN
703 PROSPECT PLACE,308,BROOKLYN
150 NOLL STREET,304,BROOKLYN
5 NEW MONTROSE AVENUE,NA,BROOKLYN
322 EAST 100 STREET,111,MANHATTAN
1649 1 AVENUE,108,MANHATTAN
645 MADISON STREET,303,BROOKLYN
5-17 47 ROAD,402,QUEENS
16 WEST   45 STREET,NA,MANHATTAN
960 PROSPECT AVENUE,202,BRONX
558 WEST 161 STREET,112,MANHATTAN
20-47 NAMEOKE STREET,414,QUEENS
1215 1 AVENUE,108,MANHATTAN
11-12 154 STREET,407,QUEENS
1104 SURF AVENUE,313,BROOKLYN
1415 52 STREET,312,BROOKLYN
280 EAST HOUSTON STREET,103,MANHATTAN
5003 5 AVENUE,307,BROOKLYN
802 EAST 165 STREET,203,BRONX
1103 AVENUE N,314,BROOKLYN
79 GANSEVOORT STREET,102,MANHATTAN
36-43 31 STREET,401,QUEENS
322 GREENE AVENUE,303,BROOKLYN
1429 LONGFELLOW AVENUE,203,BRONX
24 BARTLETT STREET,301,BROOKLYN
169 EMPIRE BOULEVARD,309,BROOKLYN
733 58 STREET,307,BROOKLYN
160 EAST 125 STREET,111,MANHATTAN
229 WEST KINGSBRIDGE ROAD,208,BRONX
947 SHERIDAN AVENUE,204,BRONX
41 BLUE SLIP,301,BROOKLYN
80 FLATBUSH AVENUE,302,BROOKLYN
60 CEDAR STREET,304,BROOKLYN
1158 MCDONALD AVENUE,312,BROOKLYN
76 CONGRESS STREET,306,BROOKLYN
80 LINDEN BOULEVARD,317,BROOKLYN
2602 PITKINS AVENUE,305,BROOKLYN
1644 NEW YORK AVENUE,317,BROOKLYN
237 HALSEY STREET,303,BROOKLYN
482 SNEDIKER AVENUE,305,BROOKLYN
278 FRANKLIN STREET,301,BROOKLYN
4263 BROADWAY,112,MANHATTAN
255 EAST 39 STREET,106,MANHATTAN
2980 3 AVENUE,201,BRONX
155 WEST   29 STREET,105,MANHATTAN
447 VANDERBILT AVENUE,302,BROOKLYN
11 EAST 75 STREET,108,MANHATTAN
421 EAST   26 STREET,106,MANHATTAN
770 EAST 176 STREET,206,BRONX
50-43 97 PLACE,404,QUEENS
909 EAST TREMONT AVENUE,206,BRONX
1152 2 AVENUE,108,MANHATTAN
30 THOMPSON STREET,102,MANHATTAN
76 WEST  170 STREET,204,BRONX
908 BERGEN STREET,308,BROOKLYN
32 THOMPSON STREET,102,MANHATTAN
1112 38 STREET,312,BROOKLYN
443 EAST 162 STREET,203,BRONX
36-31 31 STREET,401,QUEENS
100 FAIRVIEW AVENUE,112,MANHATTAN
308 EAST  106 STREET,111,MANHATTAN
1349 COMMONWEALTH AVENUE,NA,BRONX
9-28 MAIN AVENUE,401,QUEENS
821 WILLOUGHBY AVENUE,303,BROOKLYN
355 GRAND STREET,103,MANHATTAN
29 WYTHE AVENUE,301,BROOKLYN
249 EVERGREEN AVENUE,304,BROOKLYN
2718 FULTON STREET,305,BROOKLYN
300 EAST 41 STREET,106,MANHATTAN
2969 CONEY ISLAND AVENUE,315,BROOKLYN
44-36 DOUGLASTON PARKWAY,411,QUEENS
291 EAST 161 STREET,204,BRONX
556 BERGEN AVENUE,201,BRONX
2322 WEST    7 STREET,313,BROOKLYN
145 WOLCOTT STREET,306,BROOKLYN
816 58 STREET,312,BROOKLYN
571 CLASSON AVENUE,303,BROOKLYN
4435 WHITE PLAINS ROAD,212,BRONX
82 4 AVENUE,302,BROOKLYN
126-40 NORTHERN BOULEVARD,407,QUEENS
1514 1 AVENUE,108,MANHATTAN
197 9 STREET,306,BROOKLYN
15 HUDSON AVENUE,302,BROOKLYN
419 9 AVENUE,104,MANHATTAN
1259 BEDFORD AVENUE,303,BROOKLYN
162 COVERT STREET,304,BROOKLYN
45-07 COURT SQUARE,402,QUEENS
822 59 STREET,312,BROOKLYN
229 WITHERS STREET,301,BROOKLYN
2017 GRAND CONCOURSE,205,BRONX
233 TOMPKINS AVENUE,303,BROOKLYN
352 WALLABOUT STREET,301,BROOKLYN
8-29 ASTORIA BOULEVARD,401,QUEENS
31-27 CRESCENT STREET,401,QUEENS
124-10 ROCKAWAY BOULEVARD,410,QUEENS
2320 CONEY ISLAND AVENUE,315,BROOKLYN
10 WEST 55 STREET,105,MANHATTAN
650 EAST    6 STREET,103,MANHATTAN
13-01 NAMEOKE AVENUE,414,QUEENS
3165 VILLA AVENUE,207,BRONX
79 ELDRIDGE STREET,103,MANHATTAN
779 BURKE AVENUE,212,BRONX
323 EAST 61 STREET,108,MANHATTAN
141-15 CHERRY AVENUE,407,QUEENS
1113 LEXINGTON AVENUE,108,MANHATTAN
714 39 STREET,NA,BROOKLYN
651 JEFFERSON PLACE,203,BRONX
10-20 BORDEN AVENUE,402,QUEENS
664 KOSCIUSZKO STREET,304,BROOKLYN
121 EAST   27 STREET,105,MANHATTAN
2187 RYER AVENUE,NA,BRONX
185 EAST  109 STREET,111,MANHATTAN
1256 38 STREET,NA,BROOKLYN
1656 42 STREET,312,BROOKLYN
581 AUSTIN PLACE,202,BRONX
160 VAN CORTLANDT PARK SOUTH,208,BRONX
38-15 9 STREET,401,QUEENS
261 PROSPECT AVENUE,307,BROOKLYN
587 GERARD AVENUE,204,BRONX
2481 CROTONA AVENUE,206,BRONX
254 ECHO PLACE,205,BRONX
52 4 AVENUE,302,BROOKLYN
1850 JEROME AVENUE,205,BRONX
205 EAST 110 STREET,111,MANHATTAN
148 BEACH 116 STREET,414,QUEENS
40 WEST 29 STREET,105,MANHATTAN
582 EAST 138 STREET,201,BRONX
38-04 11 STREET,401,QUEENS
16 EAST 204 STREET,207,BRONX
144-14 38 AVENUE,407,QUEENS
1374 42 STREET,312,BROOKLYN
1701 ANTHONY AVENUE,204,BRONX
342 WALLABOUT STREET,301,BROOKLYN
238 EAST   52 STREET,317,BROOKLYN
36 WEST 66 STREET,107,MANHATTAN
565 FULTON STREET,302,BROOKLYN
647 BALTIC STREET,306,BROOKLYN
144 WEST  125 STREET,110,MANHATTAN
150-19 BARCLAY AVENUE,407,QUEENS
620 WEST  153 STREET,109,MANHATTAN
741 CONCOURSE VILLAGE WEST,204,BRONX
347 EAST 54 STREET,106,MANHATTAN
57-37 GRANGER STREET,404,QUEENS
40-43 68 STREET,402,QUEENS
34 EAST 29 STREET,105,MANHATTAN
536 EAST  183 STREET,206,BRONX
128 WEST  167 STREET,204,BRONX
542 UNION STREET,306,BROOKLYN
4218 3 AVENUE,206,BRONX
38-05 31 STREET,401,QUEENS
290 EAST 150 STREET,201,BRONX
717 BARTHOLDI STREET,NA,BRONX
2395 PALISADE AVENUE,208,BRONX
28-57 45 STREET,401,QUEENS
122 LEXINGTON AVENUE,105,MANHATTAN
788 FAIRMOUNT PLACE,206,BRONX
135-25 NORTHERN BOULEVARD,407,QUEENS
41-46 27 STREET,401,QUEENS
186 21 STREET,307,BROOKLYN
2222 RICHMOND TERRACE,501,STATEN ISLAND
115 EAST 79 STREET,108,MANHATTAN
92-54 QUEENS BOULEVARD,406,QUEENS
1321 AVENUE M,314,BROOKLYN
1470 EASTERN PARKWAY,316,BROOKLYN
255 YORK AVENUE,501,STATEN ISLAND
415 10 AVENUE,104,MANHATTAN
239 MARCUS GARVEY BOULEVARD,303,BROOKLYN
16 EAST   16 STREET,105,MANHATTAN
40 WEST 29 STREET,105,MANHATTAN
686 LEXINGTON AVENUE,105,MANHATTAN
1981 MADISON AVENUE,111,MANHATTAN
402 EAST 80 STREET,108,MANHATTAN
153-19 JAMAICA AVENUE,412,QUEENS
375 SMITH STREET,306,BROOKLYN
92 TOMPKINS AVENUE,303,BROOKLYN
74 DIAMOND STREET,301,BROOKLYN
2333 2 AVENUE,111,MANHATTAN
1372 UTICA AVENUE,317,BROOKLYN
183 CHRYSTIE STREET,103,MANHATTAN
374 4 AVENUE,306,BROOKLYN
2195 3 AVENUE,111,MANHATTAN
113 EAST 79 STREET,108,MANHATTAN
1331 3 AVENUE,108,MANHATTAN
65-30 DIETERLE CRESCENT,NA,QUEENS
136-25 41 AVENUE,407,QUEENS
27 ELDERT STREET,304,BROOKLYN
170 WEST   22 STREET,104,MANHATTAN
114 WEST 125 STREET,110,MANHATTAN
506 3 AVENUE,306,BROOKLYN
722 COURT STREET,306,BROOKLYN
2419 JEROME AVENUE,207,BRONX
1030 SOUTHERN BOULEVARD,202,BRONX
1436 ST JOHNS PLACE,308,BROOKLYN
585 EAST   31 STREET,317,BROOKLYN
103-08 NORTHERN BOULEVARD,403,QUEENS
68 SPRING STREET,102,MANHATTAN
99-10 217 LANE,413,QUEENS
2925 WEST   16 STREET,313,BROOKLYN
404 MIDWOOD STREET,309,BROOKLYN
51-51 69 PLACE,405,QUEENS
407 PARK AVENUE,105,MANHATTAN
164 11 AVENUE,104,MANHATTAN
2011 VYSE AVENUE,206,BRONX
316 EAST 165 STREET,204,BRONX
39-03 COLLEGE POINT BOULEVARD,NA,QUEENS
41 - 45 24 STREET,NA,QUEENS
2 WEST 47 STREET,105,MANHATTAN
304 WEST  150 STREET,110,MANHATTAN
450 GRAND AVENUE,302,BROOKLYN
350 CLARKSON AVENUE,317,BROOKLYN
230 20 STREET,307,BROOKLYN
650 MADISON STREET,303,BROOKLYN
1887 MC DONALD AVENUE,315,BROOKLYN
3169 VILLA AVENUE,207,BRONX
597 COURTLANDT AVENUE,201,BRONX
2136 CROTONA PARKWAY,206,BRONX
1 DEP PLAZA,101,MANHATTAN
1131 WILLOUGHBY AVENUE,304,BROOKLYN
305 23 STREET,307,BROOKLYN
1198 BEDFORD AVENUE,303,BROOKLYN
999 UNION AVENUE,203,BRONX
1711 CONEY ISLAND AVENUE,314,BROOKLYN
681 FLUSHING AVENUE,301,BROOKLYN
1516 1 AVENUE,108,MANHATTAN
228 20 STREET,307,BROOKLYN
112 COOPER STREET,304,BROOKLYN
1817 TOPPING AVENUE,205,BRONX
20-22 COLLEGE POINT BOULEVARD,407,QUEENS
122 LEXINGTON AVENUE,105,MANHATTAN
36-08 28 AVENUE,401,QUEENS
1111 DECATUR STREET,304,BROOKLYN
584 LEONARD STREET,301,BROOKLYN
55 LYNCH STREET,301,BROOKLYN
2160 POWELL AVENUE,209,BRONX
41-97 PARSONS BOULEVARD,407,QUEENS
200 EAST   75 STREET,108,MANHATTAN
2077 RYER AVENUE,205,BRONX
216 20 STREET,307,BROOKLYN
886 DAHILL ROAD,312,BROOKLYN
108 WEST 123 STREET,110,MANHATTAN
200 EAST   20 STREET,106,MANHATTAN
1872 RICHMOND TERRACE,501,STATEN ISLAND
86-50 DONGAN AVENUE,404,QUEENS
99-09 37 AVENUE,403,QUEENS
838 MONROE STREET,303,BROOKLYN
309 EAST  119 STREET,111,MANHATTAN
171 - 18 CROCHERON AVENUE,NA,QUEENS
61-13 UTOPIA PARKWAY,408,QUEENS
19 KANE PLACE,303,BROOKLYN
142 WEST 19 STREET,104,MANHATTAN
687 FLUSHING AVENUE,301,BROOKLYN
3273 3 AVENUE,203,BRONX
124 JAMAICA AVENUE,305,BROOKLYN
30 EAST 29 STREET,105,MANHATTAN
1594 2 AVENUE,108,MANHATTAN
21-18 44 DRIVE,402,QUEENS
1595 BROADWAY,304,BROOKLYN
26-30 4 STREET,401,QUEENS
40 WEST 29 STREET,105,MANHATTAN
232 EAST 18 STREET,314,BROOKLYN
519 SARATOGA AVENUE,316,BROOKLYN
228 13 STREET,306,BROOKLYN
1526 LINCOLN PLACE,308,BROOKLYN
1250 EAST 229 STREET,212,BRONX
743 WHITTIER STREET,202,BRONX
348 COURT STREET,306,BROOKLYN
436 ETNA STREET,305,BROOKLYN
760 MADISON AVENUE,108,MANHATTAN
88-14 SUTPHIN BOULEVARD,412,QUEENS
170 MARCY AVENUE,301,BROOKLYN
110 EAST GUN HILL ROAD,207,BRONX
880 ROGERS AVENUE,317,BROOKLYN
943 GRANT AVENUE,NA,BRONX
2317 CAMBRELENG AVENUE,206,BRONX
455 FULTON STREET,302,BROOKLYN
1739 GRAND AVENUE,205,BRONX
29 CLAY STREET,301,BROOKLYN
204 EAST   75 STREET,108,MANHATTAN
261 HULL STREET,316,BROOKLYN
921 EAGLE AVENUE,203,BRONX
403 EVERGREEN AVENUE,304,BROOKLYN
136-78 41 AVENUE,407,QUEENS
305 CALYER STREET,301,BROOKLYN
1988 3 AVENUE,111,MANHATTAN
3019 CORLEAR AVENUE,208,BRONX
1329 MORRIS AVENUE,204,BRONX
300 EAST   50 STREET,106,MANHATTAN
20-12 MOTT AVENUE,414,QUEENS
1946 OCEAN AVENUE,314,BROOKLYN
2708 GLENWOOD ROAD,314,BROOKLYN
132 WEST 130 STREET,110,MANHATTAN
1984 3 AVENUE,111,MANHATTAN
151 BOWERY,103,MANHATTAN
201 EAST 14 STREET,106,MANHATTAN
9 BUSHWICK AVENUE,NA,BROOKLYN
21-21 31 STREET,401,QUEENS
1888 CONEY ISLAND AVENUE,312,BROOKLYN
1773 WEEKS AVENUE,205,BRONX
250 WATER STREET,302,BROOKLYN
35-01 36 AVENUE,401,QUEENS
1481 2 AVENUE,108,MANHATTAN
1135 TELLER AVENUE,204,BRONX
1355 55 STREET,312,BROOKLYN
143 POWERS STREET,301,BROOKLYN
566 CARROLL STREET,306,BROOKLYN
17 WEST END AVENUE,315,BROOKLYN
537 WEST   59 STREET,107,MANHATTAN
353 2 AVENUE,106,MANHATTAN
97-26 147 PLACE,412,QUEENS
319 PROSPECT PLACE,308,BROOKLYN
4778 BROADWAY,112,MANHATTAN
437 4 AVENUE,306,BROOKLYN
712 EAST 187 STREET,206,BRONX
23-31 ASTORIA BOULEVARD,401,QUEENS
537 BROOKLYN AVENUE,309,BROOKLYN
62 MARTENSE STREET,314,BROOKLYN
26-18 4 STREET,401,QUEENS
21 FOSTER ROAD,503,STATEN ISLAND
623 ROGERS AVENUE,309,BROOKLYN
2423 BARKER AVENUE,211,BRONX
951 OLMSTEAD AVENUE,209,BRONX
114 15 STREET,307,BROOKLYN
121 WEST 125 STREET,110,MANHATTAN
36 WEST 66 STREET,107,MANHATTAN
6317 FT HAMILTON PARKWAY,310,BROOKLYN
296 WYTHE AVENUE,301,BROOKLYN
3178 VILLA AVENUE,207,BRONX
1325 BOSTON ROAD,203,BRONX
420 TOMPKINS AVENUE,303,BROOKLYN
159 BROADWAY,301,BROOKLYN
275 SPRING STREET,102,MANHATTAN
127 TROUTMAN STREET,304,BROOKLYN
4419 12 AVENUE,312,BROOKLYN
983 ST JOHNS PLACE,308,BROOKLYN
42-06 ORCHARD STREET,402,QUEENS
573 FULTON STREET,302,BROOKLYN
38 SKILLMAN AVENUE,301,BROOKLYN
16 WADE SQUARE,206,BRONX
2519 CRESTON AVENUE,207,BRONX
1255 DECATUR STREET,304,BROOKLYN
124-22 QUEENS BOULEVARD,409,QUEENS
98-69 QUEENS BOULEVARD,406,QUEENS
255 LORIMER STREET,301,BROOKLYN
585 FULTON STREET,302,BROOKLYN
292 GREENWICH STREET,101,MANHATTAN
1518 MACOMBS ROAD,204,BRONX
255 EAST 39 STREET,106,MANHATTAN
1000 PACIFIC STREET,308,BROOKLYN
37-12 31 STREET,401,QUEENS
200 EAST 75 STREET,108,MANHATTAN
1211 1 AVENUE,108,MANHATTAN
409 EAST 158 STREET,201,BRONX
290 WATER STREET,302,BROOKLYN
217 9 STREET,306,BROOKLYN
96 DEKALB AVENUE,302,BROOKLYN
150 LAWRENCE STREET,302,BROOKLYN
1511 PARK PLACE,308,BROOKLYN
54-31 MYRTLE AVENUE,405,QUEENS
1529 BROOKLYN AVENUE,317,BROOKLYN
1614 FULTON STREET,303,BROOKLYN
1435 BROADWAY,401,QUEENS
299 3 AVENUE,106,MANHATTAN
41-34 45 STREET,402,QUEENS
11-24 31 DRIVE,401,QUEENS
1335 3 AVENUE,108,MANHATTAN
240 HUNTINGTON STREET,306,BROOKLYN
305 WEST 48 STREET,104,MANHATTAN
521 WEST  134 STREET,109,MANHATTAN
22 EAST 103 STREET,111,MANHATTAN
74-02 GRAND AVENUE,405,QUEENS
532 UNION STREET,306,BROOKLYN
326 7 AVENUE,105,MANHATTAN
1201 TELLER AVENUE,204,BRONX
302 MAUJER STREET,301,BROOKLYN
727 DEKALB AVENUE,303,BROOKLYN
519 WEST 29 STREET,104,MANHATTAN
102 SOMERS STREET,316,BROOKLYN
15 WEST 65 STREET,107,MANHATTAN
90 HERBERT STREET,301,BROOKLYN
65-27 ROOSEVELT AVENUE,402,QUEENS
143 VARICK STREET,102,MANHATTAN
48 BLEECKER STREET,304,BROOKLYN
396 FLATBUSH AVENUE EXTENSION,302,BROOKLYN
1750 BEDFORD AVENUE,309,BROOKLYN
1020 ROGERS AVENUE,317,BROOKLYN
2181 MORRIS AVENUE,205,BRONX
200 EAST 75 STREET,108,MANHATTAN
68 NORTH HENRY STREET,301,BROOKLYN
301 STOCKHOLM STREET,304,BROOKLYN
268 CONKLIN AVENUE,318,BROOKLYN
937 HOME STREET,203,BRONX
403 EAST 79 STREET,108,MANHATTAN
1 DEP PLAZA,101,MANHATTAN
309 3 STREET,306,BROOKLYN
1620 FULTON STREET,303,BROOKLYN
18 FULTON STREET,101,MANHATTAN
2-20 MALT DRIVE,402,QUEENS
166 BAY 49 STREET,313,BROOKLYN
446A LAFAYETTE AVENUE,303,BROOKLYN
196 WALWORTH STREET,303,BROOKLYN
124 LEXINGTON AVENUE,105,MANHATTAN
95 29 STREET,307,BROOKLYN
43-19 54 STREET,402,QUEENS
21 EAST   65 STREET,108,MANHATTAN
16 NOEL ROAD,NA,QUEENS
2239 CHURCH AVENUE,314,BROOKLYN
579 FULTON STREET,302,BROOKLYN
38-15 9 STREET,401,QUEENS
538 6 AVENUE,105,MANHATTAN
164 CANAL STREET WEST,201,BRONX
417 RUTLAND ROAD,309,BROOKLYN
1819 SEDGWICK AVENUE,205,BRONX
84-18 GRAND AVENUE,404,QUEENS
1041 FLUSHING AVENUE,301,BROOKLYN
32 WEST 48 STREET,105,MANHATTAN
304 HUDSON STREET,102,MANHATTAN
447 WALES AVENUE,201,BRONX
3101 WEBSTER AVENUE,207,BRONX
410 FENIMORE STREET,309,BROOKLYN
2070 HONEYWELL AVENUE,206,BRONX
50-09 5 STREET,402,QUEENS
724 8 AVENUE,105,MANHATTAN
94 TOMPKINS AVENUE,303,BROOKLYN
276 KENT AVENUE,301,BROOKLYN
26-01 4 STREET,401,QUEENS
197 QUINCY STREET,303,BROOKLYN
137-70 NORTHERN BOULEVARD,407,QUEENS
88-20 153 STREET,412,QUEENS
2001 NOSTRAND AVENUE,317,BROOKLYN
6691 BROADWAY,208,BRONX
58 GRATTAN STREET,301,BROOKLYN
40-09 29 STREET,401,QUEENS
132 NASSAU STREET,101,MANHATTAN
589 FULTON STREET,302,BROOKLYN
272 GREENE AVENUE,302,BROOKLYN
1795 45 STREET,312,BROOKLYN
488 8 AVENUE,105,MANHATTAN
1845 BROADWAY,107,MANHATTAN
679 VAN SINDEREN AVENUE,305,BROOKLYN
985 BRUCKNER BOULEVARD,202,BRONX
915 DAWSON STREET,202,BRONX
356 EAST  139 STREET,201,BRONX
1215 1 AVENUE,108,MANHATTAN
1329 3 AVENUE,108,MANHATTAN
534 UNION STREET,306,BROOKLYN
5-13 47 ROAD,402,QUEENS
16 WEST   45 STREET,105,MANHATTAN
81 GATEWAY DRIVE,305,BROOKLYN
1667 SHEEPSHEAD BAY ROAD,315,BROOKLYN
58 VANDERBILT AVENUE,302,BROOKLYN
205 EAST 110 STREET,NA,MANHATTAN
37-32 89 STREET,403,QUEENS
130-10 LIBERTY AVENUE,410,QUEENS
1568 AIR BROADWAY,105,MANHATTAN
32 CLAY STREET,301,BROOKLYN
1333 3 AVENUE,108,MANHATTAN
1120 NELSON AVENUE,204,BRONX
606 WEST   30 STREET,104,MANHATTAN
78-19 JAMAICA AVENUE,409,QUEENS
257 JEFFERSON STREET,304,BROOKLYN
171 CONCORD STREET,302,BROOKLYN
58 WEST 39 STREET,105,MANHATTAN
415 9 AVENUE,104,MANHATTAN
29-24 40 AVENUE,401,QUEENS
226 WITHERS STREET,301,BROOKLYN
6309 4 AVENUE,307,BROOKLYN
168 WEST 48 STREET,105,MANHATTAN
33-59 171 STREET,407,QUEENS
790 ALLERTON AVENUE,211,BRONX
585 ARGYLE ROAD,NA,BROOKLYN
764 MACON STREET,303,BROOKLYN
3552 EAST TREMONT AVENUE,210,BRONX
853 KENT AVENUE,303,BROOKLYN
411 BROADWAY,101,MANHATTAN
335 BOND STREET,306,BROOKLYN
1619 UNIONPORT ROAD,209,BRONX
200 PARK AVENUE,105,MANHATTAN
324 EAST 194 STREET,207,BRONX
2561 UNIVERSITY AVENUE,207,BRONX
465 HANCOCK STREET,303,BROOKLYN
539 6 AVENUE,104,MANHATTAN
1935 BEDFORD AVENUE,309,BROOKLYN
1 DEP PLAZA,101,MANHATTAN
156 RIVINGTON STREET,103,MANHATTAN
149 NEW JERSEY AVENUE,305,BROOKLYN
300 WYTHE AVENUE,301,BROOKLYN
417 RUTLAND ROAD,309,BROOKLYN
733 58 STREET,307,BROOKLYN
69 HOPE STREET,301,BROOKLYN
625 DRIGGS AVENUE,301,BROOKLYN
624 METROPOLITAN AVENUE,301,BROOKLYN
953 DEAN STREET,NA,BROOKLYN
335 TOMPKINS AVENUE,303,BROOKLYN
57 QUINCY STREET,303,BROOKLYN
428 TOMPKINS AVENUE,303,BROOKLYN
2201 3 AVENUE,111,MANHATTAN
24 WILSON AVENUE,304,BROOKLYN
665 5 AVENUE,105,MANHATTAN
97-30 64 AVENUE,406,QUEENS
620 WEST  153 STREET,109,MANHATTAN
42-38 27 STREET,402,QUEENS
571 FULTON STREET,302,BROOKLYN
71 QUINCY STREET,303,BROOKLYN
112-07 198 STREET,412,QUEENS
604 WEST 30 STREET,104,MANHATTAN
165 WEST 29 STREET,105,MANHATTAN
30 BARTLETT STREET,301,BROOKLYN
2688 BROADWAY,107,MANHATTAN
60 WEST 125 STREET,110,MANHATTAN
137 KINGS HIGHWAY,311,BROOKLYN
8039 PRESTON COURT,318,BROOKLYN
378 SCHERMERHORN STREET,302,BROOKLYN
350 EAST 86 STREET,108,MANHATTAN
81-80 COOPER AVENUE,405,QUEENS
650 GREENE AVENUE,303,BROOKLYN
627 HALSEY STREET,303,BROOKLYN
327 CONCORD AVENUE,201,BRONX
1528 45 STREET,312,BROOKLYN
609 SECOND AVENUE,106,MANHATTAN
3364 BOSTON ROAD,212,BRONX
630 EAST   31 STREET,317,BROOKLYN
11-10 154 STREET,407,QUEENS
1 WELDING ROAD,302,BROOKLYN
187 KENT AVENUE,301,BROOKLYN
2481 CROTONA AVENUE,206,BRONX
2258 AQUEDUCT AVENUE,205,BRONX
103-41 120 STREET,410,QUEENS
2461 AMSTERDAM AVENUE,112,MANHATTAN
312 WEST 127 STREET,110,MANHATTAN
5-22 49 AVENUE,402,QUEENS
417 RUTLAND ROAD,NA,BROOKLYN
2771 ATLANTIC AVENUE,305,BROOKLYN
66 CLERMONT AVENUE,302,BROOKLYN
936 2 AVENUE,106,MANHATTAN
271 14 STREET,306,BROOKLYN
20 MONITOR STREET,301,BROOKLYN
2037 OCEAN AVENUE,314,BROOKLYN
284 WEST 127 STREET,110,MANHATTAN
30 WEST 48 STREET,105,MANHATTAN
63 WEST 104 STREET,107,MANHATTAN
1541 DEAN STREET,308,BROOKLYN
43-09 52 STREET,402,QUEENS
19 HUDSON AVENUE,302,BROOKLYN
27 3 AVENUE,103,MANHATTAN
2180 ARTHUR AVENUE,206,BRONX
119 UNDERHILL AVENUE,308,BROOKLYN
204 AVENUE A,103,MANHATTAN
101 BOGART STREET,301,BROOKLYN
590 CLINTON STREET,306,BROOKLYN
340 MELROSE STREET,304,BROOKLYN
178 FLATBUSH AVENUE,306,BROOKLYN
1229 EASTERN PARKWAY,308,BROOKLYN
383 RUTLAND ROAD,309,BROOKLYN
461 EAST NEW YORK AVENUE,309,BROOKLYN
112 EAST 11 STREET,103,MANHATTAN
47 WILLOUGHBY STREET,302,BROOKLYN
364 EAST 194 STREET,207,BRONX
3273 3 AVENUE,NA,BRONX
81-07 KEW GARDENS ROAD,409,QUEENS
737 PARK PLACE,308,BROOKLYN
62 PENNSYLVANIA AVENUE,305,BROOKLYN
2094 BOSTON ROAD,206,BRONX
542 WEST 21 STREET,104,MANHATTAN
195-15 73 AVENUE,408,QUEENS
649 HART STREET,304,BROOKLYN
659 GRAND STREET,301,BROOKLYN
361 MACON STREET,303,BROOKLYN
1719 HYLAN BOULEVARD,502,STATEN ISLAND
101 SOUTH    2 STREET,301,BROOKLYN
183 AVENUE B,103,MANHATTAN
443 WEST  113 STREET,NA,MANHATTAN
45-07 48 AVENUE,402,QUEENS
91 GERRY STREET,301,BROOKLYN
115 WEST  190 STREET,207,BRONX
461 TOMPKINS AVENUE,303,BROOKLYN
43 - 25 52 STREET,NA,QUEENS
114 EAST  198 STREET,207,BRONX
2690 BROADWAY,107,MANHATTAN
1654 42 STREET,312,BROOKLYN
218-01 36 AVENUE,411,QUEENS
72 CATON PLACE,307,BROOKLYN
104-72 ROOSEVELT AVENUE,404,QUEENS
41-21 23 STREET,401,QUEENS
2275 LORING PLACE,207,BRONX
36 EAST 29 STREET,105,MANHATTAN
45-24 PEARSON STREET,402,QUEENS
181 JACKSON STREET,301,BROOKLYN
577 UNION STREET,306,BROOKLYN
46 BUFFALO AVENUE,303,BROOKLYN
980 WESTCHESTER AVENUE,202,BRONX
1916 LONGFELLOW AVENUE,206,BRONX
411 MEEKER AVENUE,301,BROOKLYN
148 PIONEER STREET,306,BROOKLYN
589 FULTON STREET,302,BROOKLYN
98-35 CORONA AVENUE,404,QUEENS
813 45 STREET,312,BROOKLYN
281 JEFFERSON AVENUE,303,BROOKLYN
72-08 MYRTLE AVENUE,405,QUEENS
333 IRVING AVENUE,304,BROOKLYN
122 EAST 32 STREET,105,MANHATTAN
40 EAST   80 STREET,108,MANHATTAN
10 MONTIETH STREET,304,BROOKLYN
115-36 159 STREET,412,QUEENS
416 METROPOLITAN AVENUE,301,BROOKLYN
412 WEST 126 STREET,109,MANHATTAN
1461 3 AVENUE,108,MANHATTAN
9 DASH PLACE,208,BRONX
140 HENRY STREET,103,MANHATTAN
751 CROTONA PARK NORTH,206,BRONX
821 FIRST AVENUE,106,MANHATTAN
673 HART STREET,304,BROOKLYN
38 EAST 2 STREET,103,MANHATTAN
1668 DEAN STREET,308,BROOKLYN
1771 WEEKS AVENUE,205,BRONX
21 PARK PLACE,101,MANHATTAN
117 EAST 79 STREET,108,MANHATTAN
10 LENOX AVENUE,110,MANHATTAN
2216 AQUEDUCT AVENUE,205,BRONX
125 WEST   57 STREET,105,MANHATTAN
29 HURON STREET,NA,BROOKLYN
551 GREENWICH STREET,102,MANHATTAN
2744 MATTHEWS AVENUE,211,BRONX
351 EAST 85 STREET,108,MANHATTAN
27-16 21 STREET,401,QUEENS
11 ESSEX STREET,103,MANHATTAN
1769 JEROME AVENUE,205,BRONX
280 EAST HOUSTON STREET,NA,MANHATTAN
32 RUTGERS STREET,103,MANHATTAN
785 EAST 34 STREET,317,BROOKLYN
23-14 45 AVENUE,402,QUEENS
232 55 STREET,307,BROOKLYN
707 CONCOURSE VILLAGE WEST,204,BRONX
262 17 STREET,307,BROOKLYN
158 PIONEER STREET,306,BROOKLYN
2256 AQUEDUCT AVENUE,205,BRONX
2960 BRIGHTON 4 STREET,313,BROOKLYN
149 NEW JERSEY AVENUE,305,BROOKLYN
40-44 24 STREET,401,QUEENS
458 ST MARKS AVENUE,308,BROOKLYN
874 EAST 180 STREET,206,BRONX
155 WITHERS STREET,301,BROOKLYN
2017 GRAND CONCOURSE,205,BRONX
10 WEST 47 STREET,105,MANHATTAN
147-22 73 AVENUE,408,QUEENS
475 BAY STREET,501,STATEN ISLAND
1454 39 STREET,312,BROOKLYN
141 NORTH 6 STREET,301,BROOKLYN
150 EAST 91 STREET,108,MANHATTAN
12 BERRY STREET,301,BROOKLYN
1360 FULTON STREET,303,BROOKLYN
1117 HOE AVENUE,202,BRONX
145 BOWERY,103,MANHATTAN
322 LINCOLN ROAD,309,BROOKLYN
133-08 ROCK BOULEVARD,410,QUEENS
808 ELSMERE PLACE,206,BRONX
199 MONTROSE AVENUE,301,BROOKLYN
182 SPRING STREET,102,MANHATTAN
2028 WALTON AVENUE,205,BRONX
467 GRAND STREET,301,BROOKLYN
959 ANDERSON AVENUE,204,BRONX
346 BUTLER STREET,306,BROOKLYN
676 MYRTLE AVENUE,NA,BROOKLYN
3825 CARPENTER AVENUE,212,BRONX
248 EAST 83 STREET,108,MANHATTAN
14 CLINTON STREET,103,MANHATTAN
30 FRONT STREET,302,BROOKLYN
205 EAST 110 STREET,111,MANHATTAN
131 BROOME STREET,103,MANHATTAN
297 3 AVENUE,106,MANHATTAN
1212 SEAGIRT BOULEVARD,NA,QUEENS
550 WEST 21 STREET,104,MANHATTAN
728 PROSPECT PLACE,308,BROOKLYN
45-11 78 STREET,404,QUEENS
32 WEST 38 STREET,105,MANHATTAN
297 EAST 161 STREET,204,BRONX
18-11 21 DRIVE,401,QUEENS
151 MULBERRY STREET,102,MANHATTAN
1451 59 STREET,312,BROOKLYN
38 WEST    8 STREET,102,MANHATTAN
536 WALES AVENUE,201,BRONX
205 JAVA STREET,301,BROOKLYN
44 BOX STREET,301,BROOKLYN
254 55 STREET,307,BROOKLYN
1209 1 AVENUE,108,MANHATTAN
428 WEST   19 STREET,104,MANHATTAN
2073 ANTHONY AVENUE,205,BRONX
1777 WEEKS AVENUE,205,BRONX
509 WEST 167 STREET,112,MANHATTAN
456 EAST  158 STREET,201,BRONX
112-02 14 ROAD,407,QUEENS
503 WEST 133 STREET,109,MANHATTAN
43-15 52 STREET,402,QUEENS
1052 WILLOUGHBY AVENUE,304,BROOKLYN
97-44 64 AVENUE,406,QUEENS
97-11 SUTPHIN BOULEVARD,412,QUEENS
949 BEDFORD AVENUE,303,BROOKLYN
193 22 STREET,307,BROOKLYN
222 1 STREET,306,BROOKLYN
989 6 AVENUE,105,MANHATTAN
107 SCHAEFER STREET,304,BROOKLYN
606 WEST 30 STREET,104,MANHATTAN
49-18 5 STREET,402,QUEENS
169 WILLIAMS AVENUE,305,BROOKLYN
43-36 53 STREET,402,QUEENS
757 VAN NEST AVENUE,211,BRONX
766 DECATUR STREET,316,BROOKLYN
81-80 COOPER AVENUE,405,QUEENS
1889 ATLANTIC AVENUE,303,BROOKLYN
342 EAST 104 STREET,111,MANHATTAN
27 MONTROSE AVENUE,301,BROOKLYN
115 WEST 180 STREET,205,BRONX
1834 3 AVENUE,111,MANHATTAN
24 MIDDLETON STREET,301,BROOKLYN
151 WEST 108 STREET,107,MANHATTAN
8794 BAY PARKWAY,311,BROOKLYN
2502-2506 NEWKIRK AVENUE,317,BROOKLYN
1347 3 AVENUE,108,MANHATTAN
50 VANDAM STREET,102,MANHATTAN
144-02 94 AVENUE,412,QUEENS
2138 BEDFORD AVENUE,314,BROOKLYN
44 VICTORY BOULEVARD,501,STATEN ISLAND
2-33 50 AVENUE,402,QUEENS
41-28 MURRAY STREET,407,QUEENS
906 EAST NEW YORK AVENUE,309,BROOKLYN
665 5 AVENUE,105,MANHATTAN
42-22 CRESCENT STREET,402,QUEENS
288 4 AVENUE,NA,BROOKLYN
2909 WEST 17 STREET,313,BROOKLYN
831 FOREST AVENUE,201,BRONX
4421 WHITE PLAINS ROAD,212,BRONX
128 EAST 28 STREET,105,MANHATTAN
63 LEWIS AVENUE,303,BROOKLYN
485 EAST   28 STREET,317,BROOKLYN
3530 WEBSTER AVENUE,207,BRONX
1547 EAST NEW YORK AVENUE,316,BROOKLYN
14-09 31 AVENUE,NA,QUEENS
39-76 58 STREET,402,QUEENS
1441 58 STREET,312,BROOKLYN
406 WILLOUGHBY AVENUE,NA,BROOKLYN
19-06 FLUSHING AVENUE,405,QUEENS
519 6 AVENUE,102,MANHATTAN
474 PROSPECT AVENUE,NA,BROOKLYN
931 CARROLL STREET,309,BROOKLYN
16 EAST   16 STREET,105,MANHATTAN
103 LEE AVENUE,301,BROOKLYN
32-35 QUEENS BOULEVARD,402,QUEENS
1981 MADISON AVENUE,111,MANHATTAN
2075 ANTHONY AVENUE,205,BRONX
2136 HONEYWELL AVENUE,206,BRONX
48-02 48 AVENUE,402,QUEENS
218 FRONT STREET,302,BROOKLYN
62 WEST 125 STREET,110,MANHATTAN
16 NOEL ROAD,414,QUEENS
15 BRIDGE PARK DRIVE,302,BROOKLYN
1 SULLIVAN PLACE,309,BROOKLYN
449 CHESTER STREET,316,BROOKLYN
31 TROUTMAN STREET,304,BROOKLYN
218 CLASSON AVENUE,302,BROOKLYN
15 WEST END AVENUE,315,BROOKLYN
280 DEKALB AVENUE,302,BROOKLYN
5-17 47 ROAD,402,QUEENS
95-01 37 AVENUE,403,QUEENS
407 WEST  206 STREET,112,MANHATTAN
1527 BRYANT AVENUE,203,BRONX
14 CLAY STREET,301,BROOKLYN
314 WEST 127 STREET,110,MANHATTAN
27 BRIGHTON   11 STREET,313,BROOKLYN
540 WEST 21 STREET,104,MANHATTAN
2077 RYER AVENUE,205,BRONX
1508 CONEY ISLAND AVENUE,312,BROOKLYN
661 MANIDA STREET,202,BRONX
507 3 AVENUE,106,MANHATTAN
951 OLMSTEAD AVENUE,209,BRONX
368 AVENUE U,NA,BROOKLYN
204 BEDFORD AVENUE,301,BROOKLYN
1568 AIR BROADWAY,105,MANHATTAN
58 DUPONT STREET,301,BROOKLYN
97 LYNCH STREET,301,BROOKLYN
251 EAST 77 STREET,108,MANHATTAN
23-10 42 ROAD,402,QUEENS
162 PERRY STREET,102,MANHATTAN
33-31 PRINCE STREET,407,QUEENS
42-62 HUNTER STREET,402,QUEENS
567 EAST 149 STREET,201,BRONX
595 SMITH STREET,306,BROOKLYN
2011 NOSTRAND AVENUE,317,BROOKLYN
771 EAST 32 STREET,317,BROOKLYN
1051 WHITLOCK AVENUE,202,BRONX
544 CARROLL STREET,306,BROOKLYN
126 SIMONSON AVENUE,501,STATEN ISLAND
1127 LONGWOOD AVENUE,202,BRONX
25-14 21 STREET,401,QUEENS
4108 14 AVENUE,312,BROOKLYN
129 EAST 28 STREET,105,MANHATTAN
3031 BRONXWOOD AVENUE,212,BRONX
22 WEST 137 STREET,110,MANHATTAN
22 EAST  103 STREET,111,MANHATTAN
600 WEST  125 STREET,109,MANHATTAN
40 SKILLMAN AVENUE,301,BROOKLYN
430 EAST 158 STREET,201,BRONX
620 WEST 153 STREET,109,MANHATTAN
4318 KATONAH AVENUE,212,BRONX
144 WEST 125 STREET,110,MANHATTAN
194 30 STREET,307,BROOKLYN
11 OCEAN PARKWAY,307,BROOKLYN
15 WEST  124 STREET,110,MANHATTAN
80A 4 AVENUE,302,BROOKLYN
1032 MANHATTAN AVENUE,301,BROOKLYN
246 54 STREET,307,BROOKLYN
38-21 9 STREET,401,QUEENS
57-14 B GRANGER STREET,404,QUEENS
316 PLEASANT AVENUE,111,MANHATTAN
1175 RIVER AVENUE,204,BRONX
2390 PITKIN AVENUE,305,BROOKLYN
38-05 97 STREET,403,QUEENS
344 WILLOUGHBY AVENUE,303,BROOKLYN
127 WEST 112 STREET,110,MANHATTAN
184 BEDFORD AVENUE,301,BROOKLYN
194 BUFFALO AVENUE,308,BROOKLYN
13 GREENPOINT AVENUE,301,BROOKLYN
1 EVENTS PLAZA,206,BRONX
312 BROADWAY,301,BROOKLYN
120 LEXINGTON AVENUE,105,MANHATTAN
1760 BOONE AVENUE,203,BRONX
540 WEST 21 STREET,104,MANHATTAN
3020 WILLIAMSBRIDGE ROAD,211,BRONX
669 ST MARKS AVENUE,308,BROOKLYN
195 EAST  163 STREET,NA,BRONX
12 AVENUE B,103,MANHATTAN
975 LIBERTY AVENUE,305,BROOKLYN
97-02 38 AVENUE,403,QUEENS
740 3 AVENUE,307,BROOKLYN
1215 FULTON STREET,303,BROOKLYN
396 GATES AVENUE,303,BROOKLYN
4055 WHITE PLAINS ROAD,212,BRONX
333 IRVING AVENUE,304,BROOKLYN
786 PARK PLACE,308,BROOKLYN
1410 VYSE AVENUE,203,BRONX
1990 3 AVENUE,111,MANHATTAN
450 EAST  158 STREET,201,BRONX
519 SARATOGA AVENUE,316,BROOKLYN
558 WEST 21 STREET,104,MANHATTAN
147 SAINT FELIX STREET,302,BROOKLYN
175 HURON STREET,301,BROOKLYN
767 EAST  232 STREET,212,BRONX
36 WEST 66 STREET,107,MANHATTAN
18 CLAY STREET,301,BROOKLYN
453 CONEY ISLAND AVENUE,314,BROOKLYN
605 LORIMER STREET,301,BROOKLYN
237 WEST 167 STREET,204,BRONX
648 5 AVENUE,307,BROOKLYN
418 EAST 153 STREET,201,BRONX
2361 CROTONA AVENUE,206,BRONX
88 THROOP AVENUE,301,BROOKLYN
151 FREEMAN STREET,301,BROOKLYN
57 CATON PLACE,307,BROOKLYN
3377 SEDGWICK AVENUE,208,BRONX
1637 WOODBINE STREET,405,QUEENS
9255 SHORE ROAD,310,BROOKLYN
116-28 125 STREET,410,QUEENS
511 MEEKER AVENUE,NA,BROOKLYN
1193 FULTON AVENUE,203,BRONX
740 EAST 137 STREET,201,BRONX
322 WALLABOUT STREET,301,BROOKLYN
1261 60 STREET,312,BROOKLYN
40 EAST 4 STREET,102,MANHATTAN
230 CLASSON AVENUE,302,BROOKLYN
92-12 101 AVENUE,409,QUEENS
182-12 93 AVENUE,412,QUEENS
326 ROCKAWAY AVENUE,316,BROOKLYN
846 7 AVENUE,105,MANHATTAN
194 BAINBRIDGE STREET,303,BROOKLYN
1022 3 AVENUE,108,MANHATTAN
331 BROOME STREET,103,MANHATTAN
88 MARION STREET,303,BROOKLYN
213-41 38 AVENUE,411,QUEENS
539 WEST   54 STREET,104,MANHATTAN
12-19 31 DRIVE,401,QUEENS
1881 GUERLAIN STREET,209,BRONX
2135 COLONIAL AVENUE,210,BRONX
58 WEST 39 STREET,105,MANHATTAN
700 3 AVENUE,307,BROOKLYN
25-74 34 STREET,401,QUEENS
3103 SEDGWICK AVENUE,208,BRONX
408 HAWTHORNE STREET,309,BROOKLYN
165 FRONT STREET,101,MANHATTAN
6301 4 AVENUE,307,BROOKLYN
314 WEST 127 STREET,110,MANHATTAN
1239 EAST NEW YORK AVENUE,316,BROOKLYN
6202 14 AVENUE,310,BROOKLYN
147-35 95 AVENUE,412,QUEENS
1644 PARKER STREET,210,BRONX
141 NOLL STREET,304,BROOKLYN
134 VANDERBILT AVENUE,302,BROOKLYN
390 LEGION STREET,316,BROOKLYN
198 EAST 135 STREET,201,BRONX
358 EAST  134 STREET,201,BRONX
132 WAVERLY AVENUE,302,BROOKLYN
845 KENT AVENUE,303,BROOKLYN
498 SACKETT STREET,306,BROOKLYN
577 FLUSHING AVENUE,301,BROOKLYN
445 BLAKE AVENUE,316,BROOKLYN
51 ASH STREET,301,BROOKLYN
6530 4 AVENUE,NA,BROOKLYN
74 SOUTH 2 STREET,301,BROOKLYN
440 WEST  114 STREET,109,MANHATTAN
1639 1 AVENUE,108,MANHATTAN
5223 3 AVENUE,307,BROOKLYN
6 CHATHAM SQUARE,103,MANHATTAN
212 EAST 125 STREET,111,MANHATTAN
37-01 138 STREET,407,QUEENS
2183 MORRIS AVENUE,205,BRONX
1845 PITKIN AVENUE,316,BROOKLYN
25-34 JACKSON AVENUE,402,QUEENS
179A 4 AVENUE,306,BROOKLYN
33 KEEN COURT,NA,BROOKLYN
173 MCGUINNESS BOULEVARD,301,BROOKLYN
59-37 56 ROAD,405,QUEENS
77 COMMERCIAL STREET,301,BROOKLYN
1225 RANDALL AVENUE,202,BRONX
101-12 MARTENSE AVENUE,404,QUEENS
730 HICKS STREET,306,BROOKLYN
535 MANHATTAN AVENUE,110,MANHATTAN
1457 FLATBUSH AVENUE,314,BROOKLYN
95 LYNCH STREET,301,BROOKLYN
1665 BROOKLYN AVENUE,317,BROOKLYN
121 WEST 125 STREET,110,MANHATTAN
75 CANAL STREET WEST,201,BRONX
502 WILSON AVENUE,304,BROOKLYN
306 LIVINGSTON STREET,302,BROOKLYN
169-21 HILLSIDE AVENUE,408,QUEENS
1220 SPOFFORD AVENUE,202,BRONX
221-18 MERRICK BOULEVARD,413,QUEENS
4106 14 AVENUE,312,BROOKLYN
38-15 9 STREET,401,QUEENS
527 WEST 36 STREET,104,MANHATTAN
97 GRATTAN STREET,301,BROOKLYN
171 NORTH 1 STREET,301,BROOKLYN
343 RALPH AVENUE,303,BROOKLYN
1285 EDWARD L GRANT HIGHWAY,204,BRONX
1000 WESTCHESTER AVENUE,202,BRONX
430 EAST 188 STREET,NA,BRONX
1975 MADISON AVENUE,NA,MANHATTAN
65-10 60 PLACE,405,QUEENS
31-90 29 STREET,401,QUEENS
835 FATHER CAPODANNO BOULEVARD,502,STATEN ISLAND
2021 ARTHUR AVENUE,206,BRONX
1366 CROMWELL AVENUE,204,BRONX
99 GRANITE STREET,304,BROOKLYN
348 NOSTRAND AVENUE,303,BROOKLYN
144-20 LIBERTY AVENUE,412,QUEENS
261 BEDFORD PARK BOULEVARD,207,BRONX
318 EAST 100 STREET,111,MANHATTAN
319 ELMWOOD AVENUE,312,BROOKLYN
3121 FARRAGUT ROAD,317,BROOKLYN
300 EAST 50 STREET,106,MANHATTAN
178 FLATBUSH AVENUE,306,BROOKLYN
510 WEST 159 STREET,112,MANHATTAN
330 GRAND STREET,103,MANHATTAN
1395 BRISTOW STREET,203,BRONX
211 JACKSON STREET,301,BROOKLYN
172 PUTNAM AVENUE,303,BROOKLYN
201 23 STREET,307,BROOKLYN
42-22 ORCHARD STREET,402,QUEENS
227 WINTHROP STREET,309,BROOKLYN
215 WEST   84 STREET,107,MANHATTAN
1146 47 STREET,312,BROOKLYN
411 MEEKER AVENUE,301,BROOKLYN
1956 JEROME AVENUE,205,BRONX
1030 REVEREND JAMES A POLITE AVENUE,202,BRONX
140-46 SANFORD AVENUE,407,QUEENS
2400 PITKIN AVENUE,305,BROOKLYN
103-12 NORTHERN BOULEVARD,403,QUEENS
6307 4 AVENUE,307,BROOKLYN
196 A 13 STREET,306,BROOKLYN
11 VAN BUREN STREET,303,BROOKLYN
31-25 20 AVENUE,401,QUEENS
66-02 99 STREET,406,QUEENS
4180 CARPENTER AVENUE,212,BRONX
6 CHATHAM SQUARE,103,MANHATTAN
15 EAST 19 STREET,314,BROOKLYN
660 CASANOVA STREET,202,BRONX
1091 AMSTERDAM AVENUE,109,MANHATTAN
2180 WALTON AVENUE,205,BRONX
35-20 LEAVITT STREET,407,QUEENS
538 3 AVENUE,106,MANHATTAN
3216 GLENWOOD ROAD,317,BROOKLYN
1647 1 AVENUE,108,MANHATTAN
182 SPRING STREET,102,MANHATTAN
257 PROSPECT AVENUE,307,BROOKLYN
21-27 31 STREET,401,QUEENS
314 RUTLEDGE STREET,301,BROOKLYN
108-15 72 AVENUE,406,QUEENS
109 WILLOUGHBY STREET,302,BROOKLYN
136-13 ROOSEVELT AVENUE,407,QUEENS
2306 PROSPECT AVENUE,206,BRONX
228 EAST 118 STREET,111,MANHATTAN
203 SUTTER AVENUE,316,BROOKLYN
656 CHAUNCEY STREET,304,BROOKLYN
3815 CARPENTER AVENUE,212,BRONX
28 BOERUM STREET,301,BROOKLYN
2814 EMMONS AVENUE,315,BROOKLYN
290 EAST 150 STREET,201,BRONX
180 ASHLAND PLACE,302,BROOKLYN
551 FULTON STREET,302,BROOKLYN
2915 ALBEMARLE ROAD,317,BROOKLYN
42 - 09 HAMPTON STREET,NA,QUEENS
1695 MONROE AVENUE,204,BRONX
722 HINSDALE STREET,305,BROOKLYN
371 STOCKHOLM STREET,304,BROOKLYN
85-20 57 AVENUE,404,QUEENS
527 GRAND AVENUE,308,BROOKLYN
238 TOMPKINS AVENUE,303,BROOKLYN
436 JERSEY STREET,501,STATEN ISLAND
287 LIVINGSTON STREET,302,BROOKLYN
157 AINSLIE STREET,NA,BROOKLYN
523 6 AVENUE,102,MANHATTAN
349 WEST  141 STREET,109,MANHATTAN
873 EAST  228 STREET,212,BRONX
350 WEST   44 STREET,104,MANHATTAN
350 REAR WEST   44 STREET,104,MANHATTAN
2173 65 STREET,311,BROOKLYN
176 WEST  225 STREET,208,MANHATTAN
205 EAST 110 STREET,111,MANHATTAN
374 CLASSON AVENUE,302,BROOKLYN
1755 PITKIN AVENUE,316,BROOKLYN
144-02 94 AVENUE,412,QUEENS
2929 BRIGHTON    5 STREET,313,BROOKLYN
1848 GUERLAIN STREET,209,BRONX
1353 CASTLE HILL AVENUE,209,BRONX
55-06 102 STREET,404,QUEENS
148 BEACH 116 STREET,414,QUEENS
27-20 42 ROAD,402,QUEENS
209 3 AVENUE,308,BROOKLYN
179 HERZL STREET,316,BROOKLYN
236 BERRY STREET,301,BROOKLYN
66 EAST 177 STREET,205,BRONX
456 4 AVENUE,306,BROOKLYN
71-82 PARSONS BOULEVARD,408,QUEENS
338 HAMDEN AVENUE,502,STATEN ISLAND
50-09 5 STREET,402,QUEENS
46-09 69 STREET,402,QUEENS
312 LIVINGSTON STREET,302,BROOKLYN
900 CONEY ISLAND AVENUE,312,BROOKLYN
342 CHAUNCEY STREET,303,BROOKLYN
1699 TOPPING AVENUE,204,BRONX
200 MIDDLETON STREET,301,BROOKLYN
186 LENOX AVENUE,110,MANHATTAN
37-16 BROADWAY,401,QUEENS
182 SPRING STREET,102,MANHATTAN
200 EAST 34 STREET,106,MANHATTAN
1038 MANHATTAN AVENUE,301,BROOKLYN
571 FULTON STREET,302,BROOKLYN
1828 WATERLOO PLACE,206,BRONX
285 RUTLAND ROAD,309,BROOKLYN
555 FULTON STREET,302,BROOKLYN
32-16 36 AVENUE,401,QUEENS
114 WAVERLY AVENUE,302,BROOKLYN
18 WEST 116 STREET,110,MANHATTAN
1068 FULTON STREET,303,BROOKLYN
109 PORT RICHMOND AVENUE,501,STATEN ISLAND
1007 UNION AVENUE,203,BRONX
1084 ROGERS AVENUE,317,BROOKLYN
43-30 52 STREET,402,QUEENS
38 DIXON AVENUE,501,STATEN ISLAND
2028 EAST    9 STREET,315,BROOKLYN
882 53 STREET,312,BROOKLYN
1014 OGDEN AVENUE,204,BRONX
71  1/2 QUINCY STREET,303,BROOKLYN
86 MARBLE HILL AVENUE,208,MANHATTAN
30-43 31 STREET,401,QUEENS
106-25 GUY R BREWER BOULEVARD,412,QUEENS
664 KOSCIUSZKO STREET,304,BROOKLYN
282 GRAND STREET,103,MANHATTAN
346 BERGEN STREET,302,BROOKLYN
3745 RIVERDALE AVENUE,208,BRONX
341 MADISON AVENUE,105,MANHATTAN
85 CALYER STREET,301,BROOKLYN
40 SKILLMAN AVENUE,301,BROOKLYN
348 REAR WEST   44 STREET,104,MANHATTAN
463 WEST  125 STREET,109,MANHATTAN
1720 PRESIDENT STREET,309,BROOKLYN
173 JOHNSON AVENUE,301,BROOKLYN
469 CONVENT AVENUE,109,MANHATTAN
3815 NORTHERN BOULEVARD,401,QUEENS
271 SEA BREEZE AVENUE,313,BROOKLYN
2406 HOFFMAN STREET,206,BRONX
14-27 28 AVENUE,401,QUEENS
1655 48 STREET,312,BROOKLYN
18 SPENCER STREET,303,BROOKLYN
5100 BROADWAY,112,MANHATTAN
42-59 CRESCENT STREET,402,QUEENS
91-23 CORONA AVENUE,404,QUEENS
2440 FULTON STREET,316,BROOKLYN
36-49 32 STREET,401,QUEENS
702 EAST 134 STREET,201,BRONX
2436 WALTON AVENUE,205,BRONX
1508 CONEY ISLAND AVENUE,312,BROOKLYN
285 LIVINGSTON STREET,302,BROOKLYN
4308 10 AVENUE,312,BROOKLYN
124-28 QUEENS BOULEVARD,409,QUEENS
1883 CROTONA AVENUE,206,BRONX
2940 WHITE PLAINS ROAD,211,BRONX
574 5 AVENUE,105,MANHATTAN
2721 COLDEN AVENUE,211,BRONX
12-22 ASTORIA BOULEVARD,401,QUEENS
104-18 ROOSEVELT AVENUE,404,QUEENS
146 WEST 129 STREET,110,MANHATTAN
1200 BEDFORD AVENUE,303,BROOKLYN
452 BERRY STREET,301,BROOKLYN
249 EAST   62 STREET,108,MANHATTAN
103-14 NORTHERN BOULEVARD,403,QUEENS
372 EAST 194 STREET,207,BRONX
148 PIONEER STREET,306,BROOKLYN
15 WEST 136 STREET,110,MANHATTAN
103 EAST 29 STREET,105,MANHATTAN
308 EAST 86 STREET,108,MANHATTAN
22 WEST  137 STREET,110,MANHATTAN
17 MESEROLE STREET,301,BROOKLYN
23 3 AVENUE,103,MANHATTAN
1615 CEDAR STREET,314,BROOKLYN
1730 OCEAN AVENUE,314,BROOKLYN
121 VAN DUZER STREET,501,STATEN ISLAND
6319 FT HAMILTON PARKWAY,310,BROOKLYN
33 - 25 JUNCTION BOULEVARD,NA,QUEENS
18 INDIA STREET,301,BROOKLYN
312 97 STREET,310,BROOKLYN
845 HOWARD AVENUE,316,BROOKLYN
28-16 21 STREET,401,QUEENS
392 GRAHAM AVENUE,301,BROOKLYN
91-57 109 STREET,409,QUEENS
1081 AMSTERDAM AVENUE,109,MANHATTAN
202 EAST 23 STREET,106,MANHATTAN
536 6 AVENUE,105,MANHATTAN
1335 EAST BAY AVENUE,202,BRONX
326 ROCKAWAY AVENUE,316,BROOKLYN
616 AVENUE H,314,BROOKLYN
64 DEGRAW STREET,306,BROOKLYN
272 SCHENECTADY AVENUE,308,BROOKLYN
597 GRAND STREET,301,BROOKLYN
2167 68 STREET,311,BROOKLYN
292 LINDEN BOULEVARD,317,BROOKLYN
208 NOSTRAND AVENUE,303,BROOKLYN
557 FULTON STREET,302,BROOKLYN
171 CALYER STREET,301,BROOKLYN
57-28 2 STREET,402,QUEENS
2308 PROSPECT AVENUE,206,BRONX
76 CONGRESS STREET,306,BROOKLYN
341 MENAHAN STREET,304,BROOKLYN
437 2 AVENUE,NA,MANHATTAN
132 NASSAU STREET,101,MANHATTAN
1995 ANTHONY AVENUE,205,BRONX
26-04 JACKSON AVENUE,NA,QUEENS
288 4 AVENUE,306,BROOKLYN
54 WEST 125 STREET,110,MANHATTAN
30-41 31 STREET,401,QUEENS
135 PROSPECT AVENUE,307,BROOKLYN
502 WILSON AVENUE,304,BROOKLYN
2008 WALTON AVENUE,205,BRONX
1 TEST STREET,101,MANHATTAN
1463 NEW YORK AVENUE,317,BROOKLYN
149 BOWERY,103,MANHATTAN
148-09 90 AVENUE,412,QUEENS
47 DIAMOND STREET,301,BROOKLYN
64 READE STREET,101,MANHATTAN
88-15 HOLLIS COURT,413,QUEENS
95 CENTRAL AVENUE,304,BROOKLYN
3001 GRAND CONCOURSE,207,BRONX
1524 1 AVENUE,108,MANHATTAN
113-06 101 AVENUE,409,QUEENS
71 QUINCY STREET,303,BROOKLYN
39 TRUXTON STREET,316,BROOKLYN
200 EAST 75 STREET,108,MANHATTAN
5-15 47 ROAD,402,QUEENS
948 HERKIMER STREET,303,BROOKLYN
90 TOMPKINS AVENUE,303,BROOKLYN
2621 GRAND AVENUE,207,BRONX
255 EAST 39 STREET,106,MANHATTAN
25-76 34 STREET,401,QUEENS
124-28 QUEENS BOULEVARD,409,QUEENS
3508 PAULDING AVENUE,212,BRONX
1700 JEROME AVENUE,315,BROOKLYN
144-39 GRAVETT ROAD,408,QUEENS
43-14 QUEENS STREET,402,QUEENS
43-27 BYRD STREET,407,QUEENS
102 CHAMBERS STREET,101,MANHATTAN
202 EAST   75 STREET,108,MANHATTAN
43 WEST 57 STREET,105,MANHATTAN
88A 4 AVENUE,302,BROOKLYN
22 WEST  137 STREET,110,MANHATTAN
204 AVENUE A,103,MANHATTAN
401 WEST  218 STREET,112,MANHATTAN
2233 BATHGATE AVENUE,206,BRONX
14 OLIVE STREET,301,BROOKLYN
57 QUINCY STREET,303,BROOKLYN
388 CHRISTOPHER AVENUE,316,BROOKLYN
699 EASTERN PARKWAY,308,BROOKLYN
124 WITHERS STREET,301,BROOKLYN
3082 VILLA AVENUE,207,BRONX
561 MANHATTAN AVENUE,301,BROOKLYN
123 MESEROLE AVENUE,301,BROOKLYN
754 LAFAYETTE AVENUE,303,BROOKLYN
3327 WHITE PLAINS ROAD,212,BRONX
180 NORTH 14 STREET,301,BROOKLYN
42 TRINITY PLACE,101,MANHATTAN
126 LAFAYETTE STREET,102,MANHATTAN
1745 WEST FARMS ROAD,203,BRONX
232 EAST 18 STREET,314,BROOKLYN
32-11 GREENPOINT AVENUE,402,QUEENS
53-16 NORTHERN BOULEVARD,402,QUEENS
2680 MORRIS AVENUE,207,BRONX
333 14 STREET,306,BROOKLYN
240 WEST  123 STREET,110,MANHATTAN
2082 BOSTON ROAD,206,BRONX
1304 CASTLE HILL AVENUE,210,BRONX
253 PROSPECT AVENUE,307,BROOKLYN
23 FOSTER ROAD,503,STATEN ISLAND
341 8 AVENUE,104,MANHATTAN
1559 PROSPECT PLACE,308,BROOKLYN
334 VAN BRUNT STREET,306,BROOKLYN
30-45 31 STREET,401,QUEENS
515 BLAKE AVENUE,305,BROOKLYN
14-30 ASTORIA BOULEVARD,401,QUEENS
58-29 48 STREET,405,QUEENS
355 EXTERIOR STREET,201,BRONX
16 WEST 18 STREET,105,MANHATTAN
1061 ATLANTIC AVENUE,303,BROOKLYN
39 WEST 23 STREET,105,MANHATTAN
1533 EAST 19 STREET,314,BROOKLYN
169-13 90 AVENUE,412,QUEENS
28 WAVERLY PLACE,102,MANHATTAN
440 EXTERIOR STREET,201,BRONX
205 EAST 110 STREET,111,MANHATTAN
11-51 47 AVENUE,402,QUEENS
38-15 9 STREET,401,QUEENS
1325 BOSTON ROAD,203,BRONX
442 UNION STREET,306,BROOKLYN
420 CARROLL STREET,306,BROOKLYN
200 MIDDLETON STREET,NA,BROOKLYN
384 8 AVENUE,105,MANHATTAN
85-20 57 AVENUE,404,QUEENS
122 LEXINGTON AVENUE,105,MANHATTAN
237 WEST 167 STREET,204,BRONX
140 DELANCEY STREET,103,MANHATTAN
85 UTICA AVENUE,308,BROOKLYN
341 BEACH   84 STREET,414,QUEENS
104 WEST   14 STREET,102,MANHATTAN
126 EAST 57 STREET,105,MANHATTAN
275 WEST 11 STREET,102,MANHATTAN
1568 53 STREET,312,BROOKLYN
132-49 41 AVENUE,407,QUEENS
43-19 QUEENS STREET,402,QUEENS
2508 FOSTER AVENUE,314,BROOKLYN
40-46 24 STREET,NA,QUEENS
35-15 19 AVENUE,401,QUEENS
406 EAST  153 STREET,201,BRONX
3099 WEBSTER AVENUE,207,BRONX
290 EAST  149 STREET,201,BRONX
136 14 STREET,306,BROOKLYN
351 2 AVENUE,106,MANHATTAN
192 BEDFORD AVENUE,301,BROOKLYN
900 CONEY ISLAND AVENUE,312,BROOKLYN
133-25 37 AVENUE,407,QUEENS
1595 WEST    9 STREET,311,BROOKLYN
1 ORCHARD BEACH,228,BRONX
1034 KELLY STREET,202,BRONX
46-30 21 STREET,402,QUEENS
648 WEST 48 STREET,104,MANHATTAN
822 59 STREET,308,BROOKLYN
447 WALES AVENUE,201,BRONX
432 WEST 19 STREET,104,MANHATTAN
84 14 STREET,306,BROOKLYN
827 STERLING PLACE,308,BROOKLYN
168 MONROE STREET,303,BROOKLYN
32-08 38 STREET,401,QUEENS
2800 GOULDEN AVENUE,207,BRONX
679 MARCY AVENUE,303,BROOKLYN
28-20 42 ROAD,402,QUEENS
240 WEST  123 STREET,110,MANHATTAN
142 MORNINGSTAR ROAD,501,STATEN ISLAND
625 FULTON STREET,302,BROOKLYN
2926 FULTON STREET,305,BROOKLYN
572 5 AVENUE,105,MANHATTAN
27-09 40 AVENUE,401,QUEENS
1580 NOSTRAND AVENUE,317,BROOKLYN
142 HURON STREET,301,BROOKLYN
35-32 LEAVITT STREET,407,QUEENS
41-14 27 STREET,401,QUEENS
1986 3 AVENUE,111,MANHATTAN
39 TRUXTON STREET,316,BROOKLYN
280 EAST HOUSTON STREET,103,MANHATTAN
383 EAST  201 STREET,207,BRONX
1510 BROADWAY,316,BROOKLYN
413 THROOP AVENUE,303,BROOKLYN
1530 MACE AVENUE,211,BRONX
21 WEST 17 STREET,105,MANHATTAN
98-60 QUEENS BOULEVARD,406,QUEENS
1371 51 STREET,312,BROOKLYN
107 WILLOUGHBY STREET,302,BROOKLYN
23-15 44 ROAD,402,QUEENS
228-02 MERRICK BOULEVARD,413,QUEENS
48 EAST 7 STREET,103,MANHATTAN
129-24 MERRICK BOULEVARD,412,QUEENS
85-08 57 AVENUE,404,QUEENS
1319 CLAY AVENUE,204,BRONX
470 KENT AVENUE,301,BROOKLYN
4419 12 AVENUE,312,BROOKLYN
80 ADAMS STREET,302,BROOKLYN
215 WEST   84 STREET,107,MANHATTAN
1618 FULTON STREET,303,BROOKLYN
635 FULTON STREET,302,BROOKLYN
2001 ANTHONY AVENUE,205,BRONX
695 LENOX AVENUE,110,MANHATTAN
289 22 STREET,307,BROOKLYN
98-37 CORONA AVENUE,404,QUEENS
116-10 155 STREET,412,QUEENS
272 SOUTH    1 STREET,301,BROOKLYN
670 UNION STREET,306,BROOKLYN
1578 LEXINGTON AVENUE,111,MANHATTAN
287 EAST  148 STREET,201,BRONX
352 SHEPHERD AVENUE,305,BROOKLYN
2505 MCDONALD AVENUE,315,BROOKLYN
2895 VALENTINE AVENUE,207,BRONX
805 EAST  224 STREET,212,BRONX
106 GARDNER AVENUE,301,BROOKLYN
96 KING STREET,306,BROOKLYN
6818 8 AVENUE,310,BROOKLYN
133 3 AVENUE,106,MANHATTAN
351 EAST 85 STREET,108,MANHATTAN
370 EAST 158 STREET,201,BRONX
48-37 48 STREET,402,QUEENS
343 RALPH AVENUE,303,BROOKLYN
2-24 26 AVENUE,401,QUEENS
255 EAST 39 STREET,106,MANHATTAN
92-06 196 STREET,412,QUEENS
1203 EAST NEW YORK AVENUE,316,BROOKLYN
575 FULTON STREET,302,BROOKLYN
27-23 CRESCENT STREET,401,QUEENS
631 HOWARD AVENUE,501,STATEN ISLAND
83-05 116 STREET,409,QUEENS
30-86 14 STREET,401,QUEENS
255 EAST 39 STREET,106,MANHATTAN
2017 GRAND CONCOURSE,NA,BRONX
1663 SHEEPSHEAD BAY ROAD,315,BROOKLYN
407 WEST   30 STREET,104,MANHATTAN
37-25 32 STREET,401,QUEENS
1211 PUTNAM AVENUE,304,BROOKLYN
90-24 161 STREET,412,QUEENS
645 GATES AVENUE,303,BROOKLYN
230 CLASSON AVENUE,302,BROOKLYN
311 LOCUST AVENUE,201,BRONX
1718 PRESIDENT STREET,309,BROOKLYN
1597 2 AVENUE,108,MANHATTAN
238 GREENE AVENUE,302,BROOKLYN
830 EMPIRE BOULEVARD,309,BROOKLYN
2107 MAPES AVENUE,206,BRONX
958 6 AVENUE,105,MANHATTAN
147-58 77 ROAD,408,QUEENS
79 GATEWAY DRIVE,305,BROOKLYN
42-42 27 STREET,402,QUEENS
227 CLARKSON AVENUE,309,BROOKLYN
542 ATLANTIC AVENUE,302,BROOKLYN
128 EAST 28 STREET,105,MANHATTAN
402 ST MARKS PLACE,501,STATEN ISLAND
141-35 71 AVENUE,408,QUEENS
43-01 QUEENS STREET,402,QUEENS
2495 SEDGEWICK AVENUE,207,BRONX
11 LEWIS AVENUE,303,BROOKLYN
1515 46 STREET,312,BROOKLYN
205 EAST  110 STREET,111,MANHATTAN
117-03 CURZON ROAD,409,QUEENS
38-53 10 STREET,401,QUEENS
280 8 AVENUE,104,MANHATTAN
360 WYTHE AVENUE,301,BROOKLYN
491 HERKIMER STREET,303,BROOKLYN
52-18 ROOSEVELT AVENUE,402,QUEENS
2074 WALTON AVENUE,205,BRONX
1568 AIR BROADWAY,105,MANHATTAN
5-01 47 ROAD,402,QUEENS
15 PARKVILLE AVENUE,312,BROOKLYN
23-30 BORDEN AVENUE,402,QUEENS
127A BAY 49 STREET,313,BROOKLYN
929 64 STREET,310,BROOKLYN
2371 8 AVENUE,110,MANHATTAN
43 GRAHAM AVENUE,301,BROOKLYN
40 EAST 4 STREET,102,MANHATTAN
61 METROPOLITAN AVENUE,301,BROOKLYN
71 QUINCY STREET,303,BROOKLYN
1751 MONROE AVENUE,205,BRONX
278 FLUSHING AVENUE,302,BROOKLYN
114 EAST 198 STREET,207,BRONX
1220 SPOFFORD AVENUE,202,BRONX
815 KINGS HIGHWAY,NA,BROOKLYN
104-19 ROOSEVELT AVENUE,403,QUEENS
1640 NEW YORK AVENUE,317,BROOKLYN
263 EAST  203 STREET,207,BRONX
38-18 CRESCENT STREET,401,QUEENS
5278 POST ROAD,208,BRONX
142 WEST   19 STREET,104,MANHATTAN
650 EAST 6 STREET,103,MANHATTAN
504 WEST 110 STREET,107,MANHATTAN
94 TOMPKINS AVENUE,303,BROOKLYN
581 FULTON STREET,302,BROOKLYN
460 EAST   29 STREET,317,BROOKLYN
27-15 ASTORIA BOULEVARD,401,QUEENS
652 DE KALB AVENUE,303,BROOKLYN
98 MLK PLACE,303,BROOKLYN
106 NORTH    1 STREET,301,BROOKLYN
3101 VILLA AVENUE,207,BRONX
585 ARGYLE ROAD,314,BROOKLYN
205 CANAL STREET WEST,201,BRONX
509 WEST  167 STREET,NA,MANHATTAN
137 FROST STREET,301,BROOKLYN
760 MADISON AVENUE,108,MANHATTAN
272 SCHENECTADY AVENUE,308,BROOKLYN
138-54 QUEENS BOULEVARD,408,QUEENS
133-09 37 AVENUE,NA,QUEENS
563 WEST  170 STREET,112,MANHATTAN
2414 CAMBRELENG AVENUE,206,BRONX
134 WAVERLY AVENUE,302,BROOKLYN
428 WEST 19 STREET,104,MANHATTAN
511 3 AVENUE,106,MANHATTAN
74 PALMETTO STREET,304,BROOKLYN
2700 ATLANTIC AVENUE,305,BROOKLYN
39-12 104 STREET,403,QUEENS
2926 WEST 25 STREET,313,BROOKLYN
40-21 27 STREET,401,QUEENS
1524 47 STREET,312,BROOKLYN
785 EAST   34 STREET,317,BROOKLYN
8713 4 AVENUE,310,BROOKLYN
155 WEST 29 STREET,105,MANHATTAN
3095 VILLA AVENUE,207,BRONX
908 KENT AVENUE,303,BROOKLYN
139 EAST HOUSTON STREET,103,MANHATTAN
258 ROCKAWAY AVENUE,316,BROOKLYN
1011 UNION AVENUE,203,BRONX
461 ALABAMA AVENUE,305,BROOKLYN
3052 HULL AVENUE,NA,BRONX
842 LIBERTY AVENUE,305,BROOKLYN
339 5 AVENUE,105,MANHATTAN
2078 WALTON AVENUE,205,BRONX
2928 WEST 5 STREET,313,BROOKLYN
2911 ALBEMARLE ROAD,317,BROOKLYN
76 NORTH    8 STREET,301,BROOKLYN
94-15 SUTPHIN BOULEVARD,412,QUEENS
37 6 AVENUE,308,BROOKLYN
570 FULTON STREET,302,BROOKLYN
168 EAST  111 STREET,111,MANHATTAN
1234 MADISON AVENUE,108,MANHATTAN
50 VARET STREET,301,BROOKLYN
1997 ANTHONY AVENUE,205,BRONX
1047 OGDEN AVENUE,204,BRONX
527 6 AVENUE,102,MANHATTAN
144-04 94 AVENUE,NA,QUEENS
131 CONCORD STREET,302,BROOKLYN
30-05 VERNON BOULEVARD,401,QUEENS
1063 FULTON STREET,302,BROOKLYN
58 WEST 39 STREET,105,MANHATTAN
1148 WASHINGTON AVENUE,203,BRONX
38-31 9 STREET,401,QUEENS
11-36 45 ROAD,402,QUEENS
433 2 AVENUE,NA,MANHATTAN
3500 PARK AVENUE,203,BRONX
491 EVERGREEN AVENUE,304,BROOKLYN
131-11 FOWLER AVENUE,407,QUEENS
445 EXTERIOR STREET,201,BRONX
1030 MANHATTAN AVENUE,301,BROOKLYN
218 KENT AVENUE,301,BROOKLYN
273 14 STREET,306,BROOKLYN
144-20 LIBERTY AVENUE,412,QUEENS
116 NEW JERSEY AVENUE,305,BROOKLYN
1022 3 AVENUE,108,MANHATTAN
22-25 NEW HAVEN AVENUE,414,QUEENS
133-25 37 AVENUE,407,QUEENS
1026 3 AVENUE,108,MANHATTAN
643 EAST TREMONT AVENUE,206,BRONX
53-20 90 STREET,404,QUEENS
2490 3 AVENUE,201,BRONX
1605 VILLAGE LANE,414,QUEENS
50 VANDAM STREET,102,MANHATTAN
212 WEST  124 STREET,110,MANHATTAN
11-11 BROADWAY,401,QUEENS
2136 CROTONA PARKWAY,206,BRONX
120 LEXINGTON AVENUE,105,MANHATTAN
43-46 39 PLACE,402,QUEENS
334 BEDFORD AVENUE,301,BROOKLYN
356 EAST 78 STREET,108,MANHATTAN
952 BEDFORD AVENUE,303,BROOKLYN
9 EAST 75 STREET,108,MANHATTAN
93-54 QUEENS BOULEVARD,406,QUEENS
999 CO-OP CITY BOULEVARD,210,BRONX
2715 FULTON STREET,305,BROOKLYN
4271 BROADWAY,112,MANHATTAN
612 EAST 179 STREET,206,BRONX
170 WEST 48 STREET,NA,MANHATTAN
105 ROGERS AVENUE,308,BROOKLYN
2461 AMSTERDAM AVENUE,112,MANHATTAN
85 WYTHE AVENUE,301,BROOKLYN
275 SKILLMAN STREET,303,BROOKLYN
30 SKILLMAN AVENUE,301,BROOKLYN
410 WEST   49 STREET,104,MANHATTAN
1956 JEROME AVENUE,205,BRONX
66 SOUTH    6 STREET,301,BROOKLYN
116 WAVERLY AVENUE,302,BROOKLYN
417 PARK AVENUE,105,MANHATTAN
3165 VILLA AVENUE,207,BRONX
21 WEST 17 STREET,105,MANHATTAN
88-36 139 STREET,412,QUEENS
394 GATES AVENUE,303,BROOKLYN
126 HESTER STREET,NA,MANHATTAN
1102 BANNER AVENUE,315,BROOKLYN
97-19 64 ROAD,406,QUEENS
111 EAST 79 STREET,108,MANHATTAN
164 WEST 225 STREET,208,MANHATTAN
148 39 STREET,307,BROOKLYN
167 EAST 124 STREET,111,MANHATTAN
1302 EDWARD L GRANT HIGHWAY,204,BRONX
136-15 ROOSEVELT AVENUE,407,QUEENS
286 ASHLAND PLACE,302,BROOKLYN
1711 CONEY ISLAND AVENUE,314,BROOKLYN
38-19 9 STREET,401,QUEENS
1652 42 STREET,312,BROOKLYN
50 PENNSYLVANIA AVENUE,305,BROOKLYN
510 GATES AVENUE,303,BROOKLYN
16 NOEL ROAD,414,QUEENS
5012 20 AVENUE,312,BROOKLYN
1366 EAST NEW YORK AVENUE,316,BROOKLYN
46-11 QUEENS BOULEVARD,402,QUEENS
820 60 STREET,312,BROOKLYN
1202 BEDFORD AVENUE,303,BROOKLYN
350 WEST 45 STREET,104,MANHATTAN
193 23 STREET,307,BROOKLYN
29 HURON STREET,301,BROOKLYN
3056 DECATUR AVENUE,207,BRONX
342 METROPOLITAN AVENUE,301,BROOKLYN
517 BROOKLYN AVENUE,309,BROOKLYN
112 SEAMAN AVENUE,112,MANHATTAN
2463 BROADWAY,107,MANHATTAN
2556 BRIGGS AVENUE,207,BRONX
100 RICHARDSON STREET,301,BROOKLYN
48 EAST 86 STREET,108,MANHATTAN
19 HUDSON AVENUE,302,BROOKLYN
4778 BROADWAY,112,MANHATTAN
52 EAST 126 STREET,111,MANHATTAN
136-20 BOOTH MEMORIAL AVENUE,407,QUEENS
688 6 AVENUE,307,BROOKLYN
103-10 NORTHERN BOULEVARD,403,QUEENS
206 MIDDLETON STREET,301,BROOKLYN
3217 112 STREET,403,QUEENS
70-50 QUEENS BOULEVARD,402,QUEENS
94-07 101 AVENUE,409,QUEENS
428 EAST    9 STREET,312,BROOKLYN
75 DUPONT STREET,NA,BROOKLYN
345 FLUSHING AVENUE,301,BROOKLYN
204 AVENUE A,103,MANHATTAN
18-26 REDFERN AVENUE,414,QUEENS
76 WEST  170 STREET,204,BRONX
487 4 AVENUE,NA,BROOKLYN
1256 38 STREET,312,BROOKLYN
65 WEST BROADWAY,101,MANHATTAN
6313 FT HAMILTON PARKWAY,310,BROOKLYN
1522 57 STREET,312,BROOKLYN
1081 AMSTERDAM AVENUE,109,MANHATTAN
32 RUTGERS STREET,103,MANHATTAN
417 MEEKER AVENUE,301,BROOKLYN
2491 OCEAN AVENUE,315,BROOKLYN
656 EAST  176 STREET,206,BRONX
1616 CROSBY AVENUE,210,BRONX
338 DEVOE STREET,301,BROOKLYN
5 STUYVESANT PLACE,501,STATEN ISLAND
205 7 AVENUE,104,MANHATTAN
204 EAST 83 STREET,108,MANHATTAN
1436 JESUP AVENUE,204,BRONX
368 EAST 194 STREET,207,BRONX
859 LAFAYETTE AVENUE,303,BROOKLYN
116 15 STREET,307,BROOKLYN
97-04 SUTPHIN BOULEVARD,412,QUEENS
93 GERRY STREET,301,BROOKLYN
213 26 STREET,307,BROOKLYN
505 WEST 43 STREET,104,MANHATTAN
27-49 JACKSON AVENUE,402,QUEENS
253 EMPIRE BOULEVARD,309,BROOKLYN
25-62 97 STREET,403,QUEENS
347 MADISON AVENUE,105,MANHATTAN
66 EAST  177 STREET,205,BRONX
3815 CARPENTER AVENUE,212,BRONX
46-30 21 STREET,402,QUEENS
355 BEDFORD AVENUE,301,BROOKLYN
144 WEST  129 STREET,110,MANHATTAN
980 EAST  149 STREET,201,BRONX
250 EUCLID AVENUE,305,BROOKLYN
186 SPRING STREET,102,MANHATTAN
2355 29 STREET,401,QUEENS
85 DEKALB AVENUE,302,BROOKLYN
778 MYRTLE AVENUE,303,BROOKLYN
1232 BEDFORD AVENUE,303,BROOKLYN
3966 10 AVENUE,112,MANHATTAN
205 EAST 125 STREET,111,MANHATTAN
18 INDIA STREET,301,BROOKLYN
57 LYNCH STREET,301,BROOKLYN
231 CHESTER STREET,316,BROOKLYN
13 GREENPOINT AVENUE,301,BROOKLYN
327 BOND STREET,306,BROOKLYN
653 UNION STREET,306,BROOKLYN
94-54 LEFFERTS BOULEVARD,409,QUEENS
225 WEST KINGSBRIDGE ROAD,208,BRONX
424 HALSEY STREET,303,BROOKLYN
1658 EASTERN PARKWAY,316,BROOKLYN
85 ADELPHI STREET,302,BROOKLYN
241 EAST  202 STREET,207,BRONX
100 SCHOLES STREET,301,BROOKLYN
323 EAST 79 STREET,108,MANHATTAN
145-14 GLASSBORO AVENUE,412,QUEENS
196A 13 STREET,306,BROOKLYN
15 BEEKMAN STREET,101,MANHATTAN
1401 INWOOD AVENUE,204,BRONX
343 MADISON AVENUE,105,MANHATTAN
207 7 AVENUE,104,MANHATTAN
45-09 23 STREET,402,QUEENS
445 5 AVENUE,306,BROOKLYN
499 LEXINGTON AVENUE,303,BROOKLYN
2856 WEBSTER AVENUE,207,BRONX
45-27 DAVIS STREET,402,QUEENS
167 LEXINGTON AVENUE,106,MANHATTAN
20-08 STEINWAY STREET,401,QUEENS
15 WEST 136 STREET,110,MANHATTAN
58 PALMETTO STREET,304,BROOKLYN
355 WEST 34 STREET,104,MANHATTAN
520 5 AVENUE,105,MANHATTAN
3761 10 AVENUE,112,MANHATTAN
415 MARCY AVENUE,301,BROOKLYN
2396 ATLANTIC AVENUE,NA,BROOKLYN
37-42 30 STREET,NA,QUEENS
1201 SPOFFORD AVENUE,202,BRONX
683 COURT STREET,306,BROOKLYN
95-22 147 PLACE,412,QUEENS
87-80 MERRICK BOULEVARD,412,QUEENS
12-19 31 DRIVE,401,QUEENS
531 TINTON AVENUE,201,BRONX
42-01 28 AVENUE,401,QUEENS
222 EAST BROADWAY,103,MANHATTAN
142 FULTON STREET,101,MANHATTAN
1665 JEROME AVENUE,205,BRONX
152 WEST  136 STREET,110,MANHATTAN
875 4 AVENUE,307,BROOKLYN
499 PRESIDENT STREET,306,BROOKLYN
346 AVENUE U,NA,BROOKLYN
3312 SURF AVENUE,313,BROOKLYN
150-11 41 AVENUE,407,QUEENS
37-34 33 STREET,401,QUEENS
2837 WEST   19 STREET,313,BROOKLYN
270 14 STREET,306,BROOKLYN
3050 WEST   21 STREET,313,BROOKLYN
1892 BROADWAY,316,BROOKLYN
50 EAST 86 STREET,108,MANHATTAN
77 COMMERCIAL STREET,301,BROOKLYN
193 13 STREET,306,BROOKLYN
96 TOMPKINS AVENUE,303,BROOKLYN
366 FULTON STREET,302,BROOKLYN
883 BRYANT AVENUE,202,BRONX
4609 16 AVENUE,312,BROOKLYN
183 20 STREET,307,BROOKLYN
81A MALCOLM X BLVD,NA,BROOKLYN
326 ROCKAWAY AVENUE,NA,BROOKLYN
1688 EAST 18 STREET,NA,BROOKLYN
528 MIDWOOD STREET,309,BROOKLYN
336 22 STREET,307,BROOKLYN
1051 WHITLOCK AVENUE,202,BRONX
961 64 STREET,310,BROOKLYN
154 LENOX ROAD,317,BROOKLYN
5 PLATT STREET,101,MANHATTAN
249 EAST   62 STREET,108,MANHATTAN
1508 CONEY ISLAND AVENUE,312,BROOKLYN
825 39 STREET,312,BROOKLYN
1427 49 STREET,312,BROOKLYN
4504 15 AVENUE,312,BROOKLYN
3560 BRONXWOOD AVENUE,212,BRONX
955 NOSTRAND AVENUE,309,BROOKLYN
259 HULL STREET,316,BROOKLYN
1826 ANTHONY AVENUE,205,BRONX
142 AVENUE O,311,BROOKLYN
311 EASTERN PARKWAY,NA,BROOKLYN
329 CLARKSON AVENUE,NA,BROOKLYN
218 20 STREET,307,BROOKLYN
300 EAST 50 STREET,106,MANHATTAN
4570 3 AVENUE,NA,BRONX
136-11 ROOSEVELT AVENUE,407,QUEENS
23 OCEAN PARKWAY,307,BROOKLYN
197 NEW JERSEY AVENUE,305,BROOKLYN
1230 MADISON AVENUE,108,MANHATTAN
538 3 AVENUE,106,MANHATTAN
2104 RYER AVENUE,NA,BRONX
3466 WEBSTER AVENUE,207,BRONX
414 EAST  152 STREET,201,BRONX
586 GERARD AVENUE,204,BRONX
118 WAVERLY AVENUE,302,BROOKLYN
1834 3 AVENUE,111,MANHATTAN
432 EAST    9 STREET,312,BROOKLYN
2502 NEWKIRK AVENUE,317,BROOKLYN
33-27 PRINCE STREET,407,QUEENS
118 15 STREET,307,BROOKLYN
45 GRAHAM AVENUE,301,BROOKLYN
2779 UNIVERSITY AVENUE,208,BRONX
103 EAST 29 STREET,105,MANHATTAN
63 METROPOLITAN AVENUE,301,BROOKLYN
1010 PACIFIC STREET,308,BROOKLYN
1424 VYSE AVENUE,203,BRONX
16 WEST 18 STREET,105,MANHATTAN
463 A HANCOCK STREET,303,BROOKLYN
489 STATE STREET,302,BROOKLYN
1239 EAST NEW YORK AVENUE,316,BROOKLYN
88 4 AVENUE,302,BROOKLYN
11-36 45 ROAD,402,QUEENS
935 EAST 179 STREET,206,BRONX
1409 FLATBUSH AVENUE,314,BROOKLYN
10 CLAY STREET,301,BROOKLYN
1080 WASHINGTON AVENUE,203,BRONX
2252 AQUEDUCT AVENUE,NA,BRONX
573 JACKSON AVENUE,201,BRONX
172-10 JAMAICA AVENUE,412,QUEENS
2660 KINGSBRIDGE TERRACE,207,BRONX
142-44 ROOSEVELT AVENUE,407,QUEENS
432 WEST   19 STREET,104,MANHATTAN
1816 HARRISON AVENUE,205,BRONX
2833 VALENTINE AVENUE,207,BRONX
91-23 CORONA AVENUE,404,QUEENS
88 NORTH    1 STREET,301,BROOKLYN
38-38 32 STREET,401,QUEENS
3880 9 AVENUE,112,MANHATTAN
319 WEST   38 STREET,104,MANHATTAN
1005 LORIMER STREET,301,BROOKLYN
2123 GLEBE AVENUE,210,BRONX
132 39 STREET,307,BROOKLYN
569 FULTON STREET,302,BROOKLYN
332 STAGG STREET,301,BROOKLYN
80 20 STREET,307,BROOKLYN
27-15 ASTORIA BOULEVARD,401,QUEENS
170 JAVA STREET,301,BROOKLYN
78 HARMAN STREET,304,BROOKLYN
1626 52 STREET,312,BROOKLYN
335 EAST 82 STREET,108,MANHATTAN
57-14 A GRANGER STREET,404,QUEENS
4519 WHITE PLAINS ROAD,212,BRONX
50 EAST  112 STREET,111,MANHATTAN
1759 WEST FARMS ROAD,203,BRONX
161 HOPE STREET,301,BROOKLYN
25 GREAT JONES STREET,102,MANHATTAN
3311 3 AVENUE,203,BRONX
2-21 MALT DRIVE,402,QUEENS
410 WEST  207 STREET,112,MANHATTAN
108-56 ROOSEVELT AVENUE,404,QUEENS
344 BUTLER STREET,306,BROOKLYN
371 STOCKHOLM STREET,304,BROOKLYN
740 EAST  137 STREET,201,BRONX
33 TROUTMAN STREET,304,BROOKLYN
174 MADISON STREET,NA,BROOKLYN
124 LEXINGTON AVENUE,105,MANHATTAN
3769 10 AVENUE,112,MANHATTAN
178 SKILLMAN AVENUE,301,BROOKLYN
144-10 LIBERTY AVENUE,412,QUEENS
91 BRUCKNER BOULEVARD,201,BRONX
781 ELSMERE PLACE,206,BRONX
107 SOUTH    3 STREET,301,BROOKLYN
215 WEST KINGSBRIDGE ROAD,208,BRONX
35 WEST 44 STREET,105,MANHATTAN
135-19 78 ROAD,408,QUEENS
1026 3 AVENUE,108,MANHATTAN
860 BRONX PARK SOUTH,206,BRONX
1001 UNION AVENUE,203,BRONX
27-20 42 ROAD,402,QUEENS
43-39 38 STREET,402,QUEENS
641 DEKALB AVENUE,303,BROOKLYN
2330 CAMBRELENG AVENUE,206,BRONX
400 LINDEN STREET,304,BROOKLYN
65 4 AVENUE,306,BROOKLYN
238 EAST   52 STREET,317,BROOKLYN
1971 MADISON AVENUE,111,MANHATTAN
101 ORIENTAL BOULEVARD,NA,BROOKLYN
175 HURON STREET,301,BROOKLYN
45-03 23 STREET,402,QUEENS
2960 MARION AVENUE,207,BRONX
342 WILLOUGHBY AVENUE,303,BROOKLYN
553 FULTON STREET,302,BROOKLYN
48 CEDAR STREET,304,BROOKLYN
160 PERRY STREET,102,MANHATTAN
43-34 53 STREET,402,QUEENS
461 ALABAMA AVENUE,305,BROOKLYN
30 BUSHWICK AVENUE,301,BROOKLYN
183A 13 STREET,306,BROOKLYN
195 HUMBOLDT STREET,301,BROOKLYN
1526 1 AVENUE,108,MANHATTAN
51 SHEFFIELD AVENUE,305,BROOKLYN
437 2 AVENUE,106,MANHATTAN
998 UNION STREET,309,BROOKLYN
180 ASHLAND PLACE,302,BROOKLYN
1400 FERRIS PLACE,210,BRONX
1 TEST STREET,101,MANHATTAN
2738 CRESTON AVENUE,207,BRONX
396 GATES AVENUE,303,BROOKLYN
74 NORTH    1 STREET,301,BROOKLYN
333 BROOME STREET,103,MANHATTAN
687 EAST  170 STREET,203,BRONX
31-61 VERNON BOULEVARD,401,QUEENS
1036 MANHATTAN AVENUE,301,BROOKLYN
430 VAN BRUNT STREET,306,BROOKLYN
1232 BAY STREET,NA,STATEN ISLAND
184 EAST  123 STREET,111,MANHATTAN
502 MIDWOOD STREET,309,BROOKLYN
206 NORTH    8 STREET,301,BROOKLYN
28 SPENCER PLACE,303,BROOKLYN
140-05 245 STREET,413,QUEENS
45 WEST 57 STREET,105,MANHATTAN
18 WEST   55 STREET,NA,MANHATTAN
75 DUPONT STREET,301,BROOKLYN
1329 SURF AVENUE,313,BROOKLYN
221 EAST 105 STREET,111,MANHATTAN
68 WEST  119 STREET,110,MANHATTAN
134-16 35 AVENUE,407,QUEENS
308 LIVINGSTON STREET,302,BROOKLYN
529 PRESIDENT STREET,306,BROOKLYN
45-05 48 AVENUE,402,QUEENS
183 AVENUE B,103,MANHATTAN
13 HUNTERFLY PLACE,303,BROOKLYN
2909 WEST 17 STREET,313,BROOKLYN
530 6 AVENUE,105,MANHATTAN
2721 COLDEN AVENUE,211,BRONX
43-12 HUNTER STREET,402,QUEENS
4002 FORT HAMILTON PARKWAY,312,BROOKLYN
4121 PAULDING AVENUE,212,BRONX
199 23 STREET,307,BROOKLYN
201 WEST 54 STREET,105,MANHATTAN
124 JAMAICA AVENUE,305,BROOKLYN
68 COMMERCIAL STREET,301,BROOKLYN
165 FRONT STREET,101,MANHATTAN
461 FULTON STREET,302,BROOKLYN
2903 FREDERICK DOUGLAS BOULEVARD,110,MANHATTAN
144 WEST  125 STREET,110,MANHATTAN
1504 MACOMBS ROAD,204,BRONX
106-02 ROCKAWAY BEACH BOULEVARD,NA,QUEENS
2411 64 STREET,311,BROOKLYN
188 BEDFORD AVENUE,301,BROOKLYN
416 METROPOLITAN AVENUE,301,BROOKLYN
2484 BEDFORD AVENUE,314,BROOKLYN
63 STOCKHOLM STREET,304,BROOKLYN
430 BELMONT AVENUE,305,BROOKLYN
64 19 STREET,307,BROOKLYN
123 WEST 57 STREET,105,MANHATTAN
21-31 SHORE BOULEVARD,401,QUEENS
33-32 FARRINGTON STREET,407,QUEENS
134 ERASMUS STREET,317,BROOKLYN
365 SHEPHERD AVENUE,305,BROOKLYN
622 MYRTLE AVENUE,303,BROOKLYN
357 BEDFORD AVENUE,301,BROOKLYN
1966 ATLANTIC AVENUE,308,BROOKLYN
270 EAST 2 STREET,103,MANHATTAN
509 EAST 118 STREET,111,MANHATTAN
665 FIFTH AVENUE,105,MANHATTAN
49 EAST HOUSTON STREET,102,MANHATTAN
651 JEFFERSON PLACE,203,BRONX
1925 FLATBUSH AVENUE,318,BROOKLYN
1450 CLAY AVENUE,204,BRONX
45-13 DAVIS STREET,402,QUEENS
3269 THIRD AVENUE,203,BRONX
3167 VILLA AVENUE,207,BRONX
243 EAST  202 STREET,207,BRONX
385 CLASSON AVENUE,303,BROOKLYN
236 BERRY STREET,301,BROOKLYN
463 EAST 57 STREET,106,MANHATTAN
117 EAST 55 STREET,105,MANHATTAN
2384 ATLANTIC AVENUE,NA,BROOKLYN
1595 2 AVENUE,108,MANHATTAN
1260 WARD AVENUE,209,BRONX
293 EAST 161 STREET,204,BRONX
76 BOWERY,102,MANHATTAN
188 16 STREET,307,BROOKLYN
25-41 BORDEN AVENUE,402,QUEENS
72-11 ROOSEVELT AVENUE,403,QUEENS
1110 CASTLETON AVENUE,501,STATEN ISLAND
2758 CRESTON AVENUE,207,BRONX
133 EAST 55 STREET,105,MANHATTAN
310 EAST 100 STREET,111,MANHATTAN
30 WEST 48 STREET,105,MANHATTAN
365 SHEPHERD AVENUE,305,BROOKLYN
966 WOODYCREST AVENUE,204,BRONX
237 PACIFIC STREET,302,BROOKLYN
247 18 STREET,NA,BROOKLYN
679 EVERGREEN AVENUE,304,BROOKLYN
3365 CRUGER AVENUE,212,BRONX
126 EAST 28 STREET,105,MANHATTAN
620 EAST   31 STREET,317,BROOKLYN
261 WALTON AVENUE,201,BRONX
58 WEST 125 STREET,110,MANHATTAN
256 WINTHROP STREET,309,BROOKLYN
31-27 THOMPSON AVENUE,402,QUEENS
1633 ST MARKS AVENUE,316,BROOKLYN
725 58 STREET,307,BROOKLYN
3097 VILLA AVENUE,207,BRONX
46 MELROSE STREET,304,BROOKLYN
100 SUYDAM STREET,304,BROOKLYN
157 AINSLIE STREET,301,BROOKLYN
584 4 AVENUE,307,BROOKLYN
480 SAINT JOHNS PLACE,308,BROOKLYN
322 MENAHAN STREET,304,BROOKLYN
415 MEEKER AVENUE,301,BROOKLYN
1048 FLUSHING AVENUE,304,BROOKLYN
810 EAST 165 STREET,203,BRONX
1487 1 AVENUE,NA,MANHATTAN
355 GRAND STREET,103,MANHATTAN
257 EAST 71 STREET,108,MANHATTAN
168 EAST 111 STREET,111,MANHATTAN
23-30 BORDEN AVENUE,402,QUEENS
3230 3 AVENUE,203,BRONX
282 17 STREET,307,BROOKLYN
872 EAST  164 STREET,202,BRONX
30-77 VERNON BOULEVARD,401,QUEENS
1492 PROSPECT PLACE,308,BROOKLYN
175 CHRYSTIE STREET,103,MANHATTAN
1418 46 STREET,312,BROOKLYN
31-16 21 STREET,401,QUEENS
288 EAST 88 STREET,NA,MANHATTAN
1120 ST JOHNS PLACE,308,BROOKLYN
2102 3 AVENUE,111,MANHATTAN
3160 VILLA AVENUE,207,BRONX
83-61 116 STREET,409,QUEENS
451 10 AVENUE,104,MANHATTAN
82-02 COOPER AVENUE,405,QUEENS
3099 VILLA AVENUE,207,BRONX
589 CHRISTOPHER AVENUE,316,BROOKLYN
250 EAST   83 STREET,108,MANHATTAN
91 GATEWAY DRIVE,305,BROOKLYN
2618 FULTON STREET,305,BROOKLYN
207 EAST 34 STREET,106,MANHATTAN
55 WILLOUGHBY STREET,302,BROOKLYN
33-71 PRINCE STREET,407,QUEENS
38-17 9 STREET,401,QUEENS
573 CLASSON AVENUE,303,BROOKLYN
112 COOPER STREET,304,BROOKLYN
5 PLATT STREET,101,MANHATTAN
2024 52 STREET,312,BROOKLYN
102 FLATBUSH AVENUE,302,BROOKLYN
1821 PROSPECT AVENUE,206,BRONX
75 MC GUINNESS BOULEVARD,301,BROOKLYN
100 FAIRVIEW AVENUE,112,MANHATTAN
99 GRANITE STREET,304,BROOKLYN
3162 VILLA AVENUE,207,BRONX
40-19 27 STREET,401,QUEENS
378 EAST 165 STREET,204,BRONX
374 CLASSON AVENUE,302,BROOKLYN
181 JACKSON STREET,301,BROOKLYN
245 WEST 34 STREET,105,MANHATTAN
647 MADISON STREET,303,BROOKLYN
1110 CASTLETON AVENUE,501,STATEN ISLAND
597 GRAND STREET,301,BROOKLYN
301 EAST 61 STREET,108,MANHATTAN
85 ADELPHI STREET,302,BROOKLYN
35-57 35 STREET,401,QUEENS
353 20 STREET,307,BROOKLYN
3093 VILLA AVENUE,207,BRONX
5 STUYVESANT PLACE,501,STATEN ISLAND
33-30 101 STREET,403,QUEENS
290 EAST 149 STREET,201,BRONX
493 EVERGREEN AVENUE,304,BROOKLYN
345 AVENUE U,315,BROOKLYN
191 CHAUNCEY STREET,303,BROOKLYN
660 EAST FORDHAM ROAD,NA,BRONX
113 EAST  184 STREET,205,BRONX
286 EAST  163 STREET,204,BRONX
16 WEST 45 STREET,105,MANHATTAN
171 THROOP AVENUE,303,BROOKLYN
641 WATKINS STREET,316,BROOKLYN
222 ORIENTAL BOULEVARD,315,BROOKLYN
173 CONSELYEA STREET,301,BROOKLYN
153 ASHLAND PLACE,302,BROOKLYN
1600 MACOMBS ROAD,205,BRONX
413 BOND STREET,306,BROOKLYN
275 LIVINGSTON STREET,302,BROOKLYN
124 PULASKI STREET,NA,BROOKLYN
339 WEST 38 STREET,104,MANHATTAN
57 SHEFFIELD AVENUE,305,BROOKLYN
173 EAST 205 STREET,207,BRONX
430 EAST 158 STREET,NA,BRONX
18 MONITOR STREET,301,BROOKLYN
33-33 PRINCE STREET,407,QUEENS
4513 8 AVENUE,312,BROOKLYN
42 TRINITY PLACE,101,MANHATTAN
1266 NEW YORK AVENUE,317,BROOKLYN
5094 BROADWAY,112,MANHATTAN
4572 MANHATTAN COLLEGE PARKWAY,208,BRONX
414REAR GATES AVENUE,303,BROOKLYN
138 SCHAEFER STREET,304,BROOKLYN
120 LEXINGTON AVENUE,105,MANHATTAN
288 EAST 88 STREET,NA,MANHATTAN
94-07 101 AVENUE,409,QUEENS
268 SKILLMAN STREET,NA,BROOKLYN
101-41 132 STREET,409,QUEENS
101 EAST 144 STREET,201,BRONX
64 NORTH    8 STREET,301,BROOKLYN
27-16A 21 STREET,401,QUEENS
74 GANSEVOORT STREET,102,MANHATTAN
45-05 23 STREET,402,QUEENS
24 EAST  103 STREET,111,MANHATTAN
1807 66 STREET,311,BROOKLYN
66 NORTH 8 STREET,301,BROOKLYN
75 SOUTH    8 STREET,301,BROOKLYN
1015 ATLANTIC AVENUE,302,BROOKLYN
9964 3 AVENUE,310,BROOKLYN
132 WEST 134 STREET,110,MANHATTAN
1255 DECATUR STREET,304,BROOKLYN
643 5 AVENUE,307,BROOKLYN
537 WEST   59 STREET,107,MANHATTAN
2510 WESTCHESTER AVENUE,210,BRONX
2301 BEAUMONT AVENUE,206,BRONX
215-16 NORTHERN BOULEVARD,411,QUEENS
2769A EAST 15 STREET,315,BROOKLYN
5702 AVENUE N,318,BROOKLYN
575 WEST   25 STREET,104,MANHATTAN
172 MADISON STREET,303,BROOKLYN
54 CLINTON PLACE,NA,BRONX
2720 JEROME AVENUE,207,BRONX
32 WEST 38 STREET,105,MANHATTAN
1128 ST JOHNS PLACE,308,BROOKLYN
2311 MORRIS AVENUE,205,BRONX
3041 OCEAN AVENUE,315,BROOKLYN
1947 BATHGATE AVENUE,206,BRONX
966 WOODYCREST AVENUE,204,BRONX
317 44 STREET,307,BROOKLYN
770 EAST 182 STREET,206,BRONX
211 NORTH 10 STREET,301,BROOKLYN
112 SCHAEFER STREET,304,BROOKLYN
315 LOCUST AVENUE,201,BRONX
89 THROOP AVENUE,301,BROOKLYN
859 LAFAYETTE AVENUE,303,BROOKLYN
313 LOCUST AVENUE,201,BRONX
569 PROSPECT AVENUE,201,BRONX
262 5 AVENUE,105,MANHATTAN
136 SUTTER AVENUE,316,BROOKLYN
270 14 STREET,306,BROOKLYN
1106 SURF AVENUE,313,BROOKLYN
102 NORTH    1 STREET,301,BROOKLYN
44-01 NORTHERN BOULEVARD,401,QUEENS
200 PARK AVENUE,NA,MANHATTAN
1700 EAST NEW YORK AVENUE,316,BROOKLYN
870 EAST 180 STREET,206,BRONX
1730 BEDFORD AVENUE,NA,BROOKLYN
484 SNEDIKER AVENUE,305,BROOKLYN
1981 MADISON AVENUE,111,MANHATTAN
322 MENAHAN STREET,304,BROOKLYN
2926 WEST 25 STREET,313,BROOKLYN
6402 14 AVENUE,NA,BROOKLYN
131 BROOME STREET,103,MANHATTAN
1598 2 AVENUE,108,MANHATTAN
25-16 37 AVENUE,NA,QUEENS
137 FROST STREET,301,BROOKLYN
1357 2 AVENUE,108,MANHATTAN
620 WEST 153 STREET,109,MANHATTAN
882 HOME STREET,202,BRONX
23 BRIGHTON   11 STREET,313,BROOKLYN
155-62 115 AVENUE,412,QUEENS
302 LIVINGSTON STREET,302,BROOKLYN
1420 PELHAM PARKWAY SOUTH,211,BRONX
33 FROST STREET,301,BROOKLYN
1828 WATERLOO PLACE,206,BRONX
5-17 47 ROAD,402,QUEENS
310 NORTH    7 STREET,301,BROOKLYN
241 HALSEY STREET,303,BROOKLYN
30-77 VERNON BOULEVARD,401,QUEENS
127-15 92 AVENUE,409,QUEENS
547 FULTON STREET,302,BROOKLYN
759 CLEVELAND STREET,305,BROOKLYN
202 EAST 77 STREET,108,MANHATTAN
149 NEW JERSEY AVENUE,305,BROOKLYN
29 WEST END AVENUE,315,BROOKLYN
50-42 69 PLACE,NA,QUEENS
100 FLATBUSH AVENUE,302,BROOKLYN
97 VARET STREET,301,BROOKLYN
682 SUTTER AVENUE,305,BROOKLYN
155 KING STREET,306,BROOKLYN
360 EAST  184 STREET,205,BRONX
54-21 ROOSEVELT AVENUE,402,QUEENS
2415 JEROME AVENUE,207,BRONX
136 SUTTER AVENUE,316,BROOKLYN
12-63 REDFERN AVENUE,414,QUEENS
22 WILSON AVENUE,304,BROOKLYN
97 LINDEN STREET,304,BROOKLYN
581 SARATOGA AVENUE,316,BROOKLYN
16-61 SUMMERFIELD STREET,405,QUEENS
1162 BROADWAY,105,MANHATTAN
50 PENNSYLVANIA AVENUE,305,BROOKLYN
200 MIDDLETON STREET,301,BROOKLYN
218 BUSH STREET,205,BRONX
108-50 ROOSEVELT AVENUE,404,QUEENS
3914 15 AVENUE,312,BROOKLYN
1133 58 STREET,312,BROOKLYN
679 MARCY AVENUE,303,BROOKLYN
1668 DEAN STREET,308,BROOKLYN
22-19 33 STREET,401,QUEENS
27-49 JACKSON AVENUE,402,QUEENS
5 - 12 47 AVENUE,NA,QUEENS
15 HURON STREET,301,BROOKLYN
906 EAST NEW YORK AVENUE,309,BROOKLYN
628 EAST   31 STREET,317,BROOKLYN
143 WEST 108 STREET,107,MANHATTAN
105 ROGERS AVENUE,308,BROOKLYN
495 11 AVENUE,104,MANHATTAN
1225 RANDALL AVENUE,202,BRONX
100-49 205 PLACE,412,QUEENS
89 GATEWAY DRIVE,305,BROOKLYN
147-18 95 AVENUE,412,QUEENS
30-19 CRESCENT STREET,401,QUEENS
501 WEST 39 STREET,104,MANHATTAN
1671 SHEEPSHEAD BAY ROAD,315,BROOKLYN
259 EAST 71 STREET,108,MANHATTAN
161 FT WASHINGTON AVENUE,112,MANHATTAN
203 7 AVENUE,104,MANHATTAN
2700 ATLANTIC AVENUE,305,BROOKLYN
95-25 WALTHAM STREET,412,QUEENS
139 FRANKLIN AVENUE,303,BROOKLYN
2948 BRIGHTON    4 STREET,313,BROOKLYN
305 CALYER STREET,NA,BROOKLYN
304 LIVINGSTON STREET,302,BROOKLYN
452 EAST   26 STREET,317,BROOKLYN
302 WEST 127 STREET,110,MANHATTAN
375 GROVE STREET,304,BROOKLYN
4382 3 AVENUE,206,BRONX
416 GATES AVENUE,303,BROOKLYN
1541 DEAN STREET,308,BROOKLYN
2183 MORRIS AVENUE,205,BRONX
86-55 QUEENS BOULEVARD,404,QUEENS
1626 52 STREET,312,BROOKLYN
196 FREEMAN STREET,301,BROOKLYN
100-15 NORTHERN BOULEVARD,403,QUEENS
38 EAST 2 STREET,103,MANHATTAN
51-40 35 STREET,402,QUEENS
87 - 46 52 AVENUE,NA,QUEENS
1609 47 STREET,312,BROOKLYN
1807 66 STREET,311,BROOKLYN
301 WHITTIER STREET,202,BRONX
170 NORTH 10 STREET,301,BROOKLYN
1506 SOUTHERN BOULEVARD,203,BRONX
200 MIDDLETON STREET,301,BROOKLYN
79 GANSEVOORT STREET,102,MANHATTAN
556 WEST 37 STREET,104,MANHATTAN
728 PROSPECT PLACE,308,BROOKLYN
221 NORTH   14 STREET,301,BROOKLYN
241 FRANKLIN AVENUE,303,BROOKLYN
647 WEST 237 STREET,208,BRONX
341 SHEPHERD AVENUE,305,BROOKLYN
1702 ANTHONY AVENUE,204,BRONX
1525 BRYANT AVENUE,203,BRONX
263 WEIRFIELD STREET,304,BROOKLYN
41-39 58 STREET,402,QUEENS
1066 JEFFERSON AVENUE,304,BROOKLYN
24 A WOODWARD AVENUE,405,QUEENS
132-47 METROPOLITAN AVENUE,409,QUEENS
32 WEST   48 STREET,105,MANHATTAN
280 SENATOR STREET,310,BROOKLYN
1964 YATES AVENUE,211,BRONX
1250 38 STREET,NA,BROOKLYN
118 NEW JERSEY AVENUE,305,BROOKLYN
792 EAST  169 STREET,203,BRONX
603 WEST 29 STREET,104,MANHATTAN
1596 2 AVENUE,108,MANHATTAN
4622 FORT HAMILTON PARKWAY,312,BROOKLYN
262 ROCKAWAY AVENUE,316,BROOKLYN
59 HENRY STREET,103,MANHATTAN
341 13 STREET,306,BROOKLYN
405 PARK AVENUE,105,MANHATTAN
183 COLUMBIA STREET,306,BROOKLYN
3294 ATLANTIC AVENUE,305,BROOKLYN
280 8 AVENUE,104,MANHATTAN
1345 71 STREET,310,BROOKLYN
49-02 5 STREET,402,QUEENS
57-14 37 AVENUE,402,QUEENS
1339 3 AVENUE,108,MANHATTAN
243 3 AVENUE,106,MANHATTAN
156 PERRY STREET,102,MANHATTAN
3761 10 AVENUE,112,MANHATTAN
2586 BAINBRIDGE AVENUE,207,BRONX
82 4 AVENUE,302,BROOKLYN
123 WEST 57 STREET,105,MANHATTAN
2039 WESTCHESTER AVENUE,209,BRONX
98-14 66 AVENUE,406,QUEENS
2150 CLINTON AVENUE,206,BRONX
1374 65 STREET,310,BROOKLYN
1725 VILLAGE LANE,414,QUEENS
11 WEST END AVENUE,315,BROOKLYN
375 GROVE STREET,304,BROOKLYN
370 FULTON STREET,302,BROOKLYN
622 MYRTLE AVENUE,303,BROOKLYN
424 EVERGREEN AVENUE,304,BROOKLYN
36-22 31 STREET,401,QUEENS
1568 AIR BROADWAY,105,MANHATTAN
46-12 70 STREET,402,QUEENS
126 5 AVENUE,306,BROOKLYN
1060 PRESIDENT STREET,309,BROOKLYN
418 EAST 153 STREET,201,BRONX
5718 7 AVENUE,307,BROOKLYN
81-05 CYPRESS AVENUE,405,QUEENS
1026 MANHATTAN AVENUE,301,BROOKLYN
859 LAFAYETTE AVENUE,303,BROOKLYN
5722 7 AVENUE,NA,BROOKLYN
331 ST NICHOLAS AVENUE,405,QUEENS
11 WEIRFIELD STREET,304,BROOKLYN
202 EAST   77 STREET,108,MANHATTAN
66 WEST  119 STREET,308,MANHATTAN
807 WASHINGTON AVENUE,308,BROOKLYN
5714 7 AVENUE,307,BROOKLYN
37-08 34 STREET,401,QUEENS
45-38 PEARSON STREET,402,QUEENS
53-20 90 STREET,404,QUEENS
435 CONEY ISLAND AVENUE,314,BROOKLYN
532 NEW YORK AVENUE,309,BROOKLYN
1196 BEDFORD AVENUE,NA,BROOKLYN
97-11 SUTPHIN BOULEVARD,412,QUEENS
97 WEST  169 STREET,NA,BRONX
2929 BRIGHTON    5 STREET,313,BROOKLYN
2718 FULTON STREET,305,BROOKLYN
441 4 AVENUE,306,BROOKLYN
2-29 50 AVENUE,402,QUEENS
31-19 29 STREET,401,QUEENS
630 CROWN STREET,309,BROOKLYN
368 EAST  152 STREET,201,BRONX
509 EAST  118 STREET,111,MANHATTAN
228 13 STREET,306,BROOKLYN
195 HIGHLAND PLACE,305,BROOKLYN
96 16 STREET,307,BROOKLYN
108 SAINT EDWARDS STREET,302,BROOKLYN
197 QUINCY STREET,303,BROOKLYN
621 EAST   21 STREET,314,BROOKLYN
42-11 30 AVENUE,401,QUEENS
1548 50 STREET,312,BROOKLYN
473 STATE STREET,302,BROOKLYN
21 CONSELYEA STREET,301,BROOKLYN
421 9 AVENUE,104,MANHATTAN
1828 ANTHONY AVENUE,205,BRONX
297 WALLABOUT STREET,301,BROOKLYN
129-19 101 AVENUE,409,QUEENS
214 EAST 125 STREET,111,MANHATTAN
389 EAST  198 STREET,207,BRONX
2324 WEBSTER AVENUE,206,BRONX
183-03 HILLSIDE AVENUE,408,QUEENS
216 WEST 103 STREET,107,MANHATTAN
676 CENTRAL AVENUE,304,BROOKLYN
4121 PAULDING AVENUE,212,BRONX
223 WEST 46 STREET,105,MANHATTAN
1624 JEFFERSON AVENUE,NA,QUEENS
716 EAST  224 STREET,212,BRONX
5805 BROADWAY,208,BRONX
7 WHIPPLE STREET,301,BROOKLYN
1550 WHITE PLAINS ROAD,209,BRONX
2127 HARRISON AVENUE,205,BRONX
56-15 VAN CLEEF STREET,404,QUEENS
420 GATES AVENUE,303,BROOKLYN
89-36 VAN WYCK BOULEVARD,409,QUEENS
2831 VALENTINE AVENUE,207,BRONX
718 BUSHWICK AVENUE,304,BROOKLYN
876 METROPOLITAN AVENUE,301,BROOKLYN
63 4 AVENUE,306,BROOKLYN
17 JANE STREET,102,MANHATTAN
327 BLEECKER STREET,102,MANHATTAN
1591 2 AVENUE,108,MANHATTAN
41 WEST 57 STREET,105,MANHATTAN
3 WILLIAMSBURG STREET WEST,302,BROOKLYN
43-46 39 PLACE,402,QUEENS
951 OLMSTEAD AVENUE,209,BRONX
207 WEST  140 STREET,110,MANHATTAN
2901 CRUGER AVENUE,211,BRONX
545 SACKETT STREET,306,BROOKLYN
21 LEFFERTS PLACE,302,BROOKLYN